Category,CNN Prediciton,MLP Prediction
1,[[0.49848384]],[[0.56071585]]
0,[[0.0040977]],[[0.23023778]]
1,[[0.8328414]],[[0.5124603]]
0,[[0.00330991]],[[0.23209274]]
0,[[0.1349402]],[[0.50661206]]
1,[[0.99492985]],[[0.9459754]]
1,[[0.72047615]],[[0.2936324]]
0,[[0.04110783]],[[0.2936324]]
0,[[0.0018872]],[[0.16918838]]
1,[[0.95889163]],[[0.4770185]]
0,[[0.00188982]],[[0.2936324]]
0,[[0.00194514]],[[0.23023778]]
0,[[0.34159786]],[[0.57262707]]
1,[[0.9896412]],[[0.798946]]
1,[[0.5182775]],[[0.42376062]]
1,[[0.98244727]],[[0.8588698]]
1,[[0.66348463]],[[0.7960589]]
0,[[0.9946333]],[[0.91234857]]
1,[[0.994786]],[[0.2936324]]
1,[[0.00188965]],[[0.2936324]]
0,[[0.00216058]],[[0.29363346]]
1,[[0.980392]],[[0.827247]]
0,[[0.461746]],[[0.42376062]]
0,[[0.09470424]],[[0.2936324]]
1,[[0.17985994]],[[0.23250419]]
0,[[0.0018872]],[[0.5768877]]
0,[[0.10673678]],[[0.5136908]]
1,[[0.04894689]],[[0.73897356]]
0,[[0.00295526]],[[0.2936324]]
0,[[0.48608577]],[[0.9251139]]
0,[[0.11689988]],[[0.23209274]]
0,[[0.17580453]],[[0.8304878]]
1,[[0.91103184]],[[0.9011694]]
1,[[0.98698425]],[[0.55383456]]
1,[[0.98855525]],[[0.8997929]]
1,[[0.42253694]],[[0.2530036]]
1,[[0.96210945]],[[0.9507027]]
1,[[0.6446875]],[[0.72785145]]
0,[[0.00217894]],[[0.2936324]]
0,[[0.00185847]],[[0.2530036]]
1,[[0.99153566]],[[0.6936943]]
0,[[0.0018872]],[[0.23023778]]
0,[[0.0020158]],[[0.2936324]]
0,[[0.14409047]],[[0.74919546]]
0,[[0.6104078]],[[0.44825712]]
0,[[0.98293614]],[[0.2936324]]
1,[[0.56460387]],[[0.6050769]]
1,[[0.95156497]],[[0.9529993]]
1,[[0.8953246]],[[0.55755985]]
0,[[0.01197338]],[[0.23209274]]
0,[[0.39774704]],[[0.90020263]]
0,[[0.00321069]],[[0.23023778]]
0,[[0.04606879]],[[0.6381666]]
0,[[0.00224361]],[[0.23023778]]
0,[[0.00195172]],[[0.6957635]]
0,[[0.00202423]],[[0.764642]]
0,[[0.00193739]],[[0.47480294]]
1,[[0.32660982]],[[0.23023778]]
1,[[0.12580171]],[[0.695476]]
1,[[0.95611584]],[[0.6835783]]
0,[[0.00307104]],[[0.31133264]]
0,[[0.15442666]],[[0.23023778]]
0,[[0.37807745]],[[0.23023778]]
1,[[0.8945935]],[[0.9082409]]
0,[[0.00202134]],[[0.11986282]]
1,[[0.6759669]],[[0.55755985]]
0,[[0.00314701]],[[0.55154663]]
0,[[0.0303233]],[[0.47647506]]
1,[[0.17251354]],[[0.92884505]]
0,[[0.52380353]],[[0.2530036]]
0,[[0.04018572]],[[0.23023778]]
0,[[0.0669812]],[[0.23023778]]
1,[[0.9679245]],[[0.2936324]]
0,[[0.02107194]],[[0.42376062]]
1,[[0.47418836]],[[0.68260676]]
0,[[0.4559966]],[[0.6550263]]
0,[[0.00320056]],[[0.3069053]]
0,[[0.53728646]],[[0.26544404]]
0,[[0.00187454]],[[0.23023778]]
1,[[0.98574936]],[[0.2936324]]
0,[[0.00193739]],[[0.16929147]]
0,[[0.00241178]],[[0.2936324]]
1,[[0.98881716]],[[0.95900846]]
0,[[0.00277466]],[[0.2936324]]
0,[[0.0043959]],[[0.2936324]]
1,[[0.9040687]],[[0.6169345]]
0,[[0.14594105]],[[0.2936324]]
1,[[0.9906184]],[[0.23023778]]
0,[[0.7556514]],[[0.79026866]]
1,[[0.81513613]],[[0.47647506]]
0,[[0.00189111]],[[0.23023778]]
1,[[0.4905192]],[[0.2936324]]
0,[[0.48236948]],[[0.2936324]]
1,[[0.98933697]],[[0.849361]]
1,[[0.9618039]],[[0.9447247]]
1,[[0.5794087]],[[0.47796115]]
0,[[0.0018872]],[[0.2936324]]
0,[[0.00230494]],[[0.57646084]]
0,[[0.0157018]],[[0.24663183]]
0,[[0.57296526]],[[0.47535318]]
1,[[0.94406897]],[[0.48228556]]
0,[[0.00985956]],[[0.7546469]]
0,[[0.01633891]],[[0.27251405]]
0,[[0.00233212]],[[0.62072384]]
0,[[0.5391959]],[[0.6688583]]
0,[[0.32386744]],[[0.2936324]]
0,[[0.0721305]],[[0.23023778]]
0,[[0.00211814]],[[0.2527029]]
0,[[0.00224447]],[[0.2936324]]
0,[[0.00187454]],[[0.23023778]]
0,[[0.02281833]],[[0.29363215]]
1,[[0.7661092]],[[0.8750557]]
0,[[0.01139215]],[[0.2936324]]
1,[[0.8770188]],[[0.2936324]]
0,[[0.00306132]],[[0.23023778]]
1,[[0.01488554]],[[0.2530036]]
0,[[0.39422613]],[[0.937412]]
0,[[0.0018872]],[[0.27251405]]
0,[[0.12653282]],[[0.2936324]]
0,[[0.38109612]],[[0.5768877]]
1,[[0.9345828]],[[0.23023778]]
0,[[0.22673944]],[[0.3313255]]
0,[[0.0026049]],[[0.23023778]]
0,[[0.08205417]],[[0.2936324]]
0,[[0.0020968]],[[0.2936324]]
1,[[0.24328929]],[[0.86586773]]
0,[[0.0018526]],[[0.6703904]]
0,[[0.3656065]],[[0.23023778]]
1,[[0.95805687]],[[0.84936166]]
0,[[0.13750261]],[[0.33132547]]
0,[[0.21144393]],[[0.29373005]]
1,[[0.98885727]],[[0.57727057]]
1,[[0.7110261]],[[0.85178673]]
0,[[0.08427447]],[[0.52638304]]
1,[[0.8055676]],[[0.764642]]
1,[[0.9584329]],[[0.6178646]]
0,[[0.00190675]],[[0.23023778]]
0,[[0.059026]],[[0.52638304]]
0,[[0.3741691]],[[0.25015867]]
1,[[0.9773549]],[[0.5416381]]
0,[[0.21307686]],[[0.23023778]]
1,[[0.03164765]],[[0.835287]]
0,[[0.2299535]],[[0.23023778]]
0,[[0.63731927]],[[0.6525216]]
0,[[0.00247189]],[[0.2936324]]
0,[[0.00212064]],[[0.6419531]]
1,[[0.6348671]],[[0.29363322]]
0,[[0.00380814]],[[0.1781581]]
1,[[0.5790238]],[[0.2936324]]
1,[[0.07031485]],[[0.30976346]]
0,[[0.00210345]],[[0.23023778]]
1,[[0.63379717]],[[0.62231326]]
1,[[0.9887625]],[[0.7031065]]
0,[[0.00188297]],[[0.23023778]]
0,[[0.00806528]],[[0.2936324]]
0,[[0.32240024]],[[0.23023778]]
0,[[0.0146189]],[[0.2530036]]
1,[[0.67425776]],[[0.68185484]]
0,[[0.0018872]],[[0.2936324]]
1,[[0.4567087]],[[0.6008064]]
1,[[0.16392124]],[[0.2936324]]
0,[[0.64338744]],[[0.2936324]]
0,[[0.00193739]],[[0.2302371]]
0,[[0.0018872]],[[0.12752748]]
0,[[0.0152939]],[[0.15655798]]
1,[[0.98888123]],[[0.5135577]]
0,[[0.0018872]],[[0.2936324]]
1,[[0.6026802]],[[0.85798025]]
0,[[0.00199649]],[[0.41593048]]
0,[[0.5196448]],[[0.52638304]]
1,[[0.6148163]],[[0.66404533]]
1,[[0.9884697]],[[0.6813704]]
0,[[0.5822723]],[[0.2936324]]
1,[[0.96302414]],[[0.9002981]]
0,[[0.01373965]],[[0.23023778]]
1,[[0.0520972]],[[0.627497]]
0,[[0.24709156]],[[0.2530036]]
1,[[0.83380806]],[[0.2936324]]
0,[[0.15197885]],[[0.16755876]]
0,[[0.11205307]],[[0.5610286]]
1,[[0.28100866]],[[0.85859466]]
0,[[0.0018872]],[[0.11918581]]
1,[[0.6087946]],[[0.81030905]]
0,[[0.00534064]],[[0.6852989]]
1,[[0.9754124]],[[0.89866185]]
0,[[0.08237079]],[[0.57262707]]
1,[[0.68599916]],[[0.9069407]]
0,[[0.0019373]],[[0.2936324]]
0,[[0.00385922]],[[0.2936324]]
1,[[0.9928919]],[[0.84936166]]
1,[[0.9838517]],[[0.27251405]]
0,[[0.00210196]],[[0.23023778]]
0,[[0.13783485]],[[0.23023778]]
0,[[0.4414356]],[[0.46549636]]
0,[[0.04206365]],[[0.2936324]]
1,[[0.98165894]],[[0.81142974]]
0,[[0.07690656]],[[0.23023778]]
0,[[0.00250348]],[[0.2936324]]
1,[[0.6653188]],[[0.2936324]]
1,[[0.17321786]],[[0.23023778]]
1,[[0.02094346]],[[0.59543085]]
1,[[0.27270445]],[[0.60431635]]
0,[[0.00238273]],[[0.23023778]]
0,[[0.0023441]],[[0.33153027]]
0,[[0.0022704]],[[0.23891893]]
0,[[0.03508213]],[[0.2936324]]
0,[[0.00184602]],[[0.42376062]]
1,[[0.7616424]],[[0.6872398]]
0,[[0.00411895]],[[0.27251405]]
1,[[0.00655213]],[[0.23257428]]
0,[[0.37998334]],[[0.2936324]]
1,[[0.9157904]],[[0.56065565]]
0,[[0.00228679]],[[0.6469383]]
1,[[0.9673649]],[[0.23023778]]
0,[[0.03024736]],[[0.42376062]]
1,[[0.98433244]],[[0.55154663]]
1,[[0.97878194]],[[0.83200437]]
0,[[0.00198194]],[[0.23023778]]
0,[[0.48231]],[[0.2936324]]
0,[[0.00188702]],[[0.2936324]]
0,[[0.00188643]],[[0.42376062]]
1,[[0.9721004]],[[0.54163754]]
0,[[0.00987688]],[[0.27251405]]
1,[[0.6158093]],[[0.23023778]]
0,[[0.0025785]],[[0.27251405]]
0,[[0.00290224]],[[0.23023778]]
0,[[0.0018872]],[[0.2936324]]
0,[[0.29123327]],[[0.68717146]]
1,[[0.9631367]],[[0.2936324]]
0,[[0.0018872]],[[0.23023778]]
0,[[0.07019961]],[[0.52637833]]
0,[[0.00185847]],[[0.2936324]]
1,[[0.42324066]],[[0.23023778]]
0,[[0.00200897]],[[0.29363257]]
0,[[0.0018872]],[[0.23023778]]
1,[[0.56091344]],[[0.695476]]
1,[[0.47299048]],[[0.42376062]]
0,[[0.00736174]],[[0.2936324]]
0,[[0.48638564]],[[0.07250926]]
1,[[0.5153629]],[[0.2936324]]
0,[[0.00611141]],[[0.42376062]]
1,[[0.79773366]],[[0.2936324]]
0,[[0.20971581]],[[0.44825712]]
1,[[0.23484218]],[[0.2936324]]
0,[[0.14276871]],[[0.60304385]]
0,[[0.0031732]],[[0.3313255]]
1,[[0.9889852]],[[0.91203344]]
0,[[0.6344809]],[[0.27251405]]
0,[[0.37365723]],[[0.58781135]]
0,[[0.28781223]],[[0.2936324]]
1,[[0.8603359]],[[0.9372243]]
0,[[0.00187725]],[[0.10662898]]
1,[[0.54966307]],[[0.23023778]]
1,[[0.3821137]],[[0.47647506]]
0,[[0.00201786]],[[0.42376062]]
1,[[0.9954071]],[[0.95775855]]
0,[[0.16044298]],[[0.2936324]]
0,[[0.01568073]],[[0.2936324]]
1,[[0.4983111]],[[0.23023778]]
1,[[0.99480087]],[[0.48883846]]
0,[[0.17268226]],[[0.23023778]]
0,[[0.00214988]],[[0.2936324]]
0,[[0.00213143]],[[0.23023778]]
1,[[0.8211309]],[[0.57680166]]
0,[[0.0018872]],[[0.23023778]]
0,[[0.06771952]],[[0.23023778]]
0,[[0.0018872]],[[0.2936324]]
1,[[0.48444575]],[[0.27261186]]
0,[[0.07297161]],[[0.23023778]]
0,[[0.1040535]],[[0.66404533]]
0,[[0.08060735]],[[0.68052626]]
0,[[0.00188726]],[[0.23023778]]
1,[[0.61370194]],[[0.64478517]]
0,[[0.02043155]],[[0.8130305]]
0,[[0.0018872]],[[0.23025042]]
0,[[0.00210345]],[[0.42376062]]
0,[[0.00188118]],[[0.3313255]]
0,[[0.48767757]],[[0.7459551]]
0,[[0.00281337]],[[0.2936324]]
1,[[0.5754899]],[[0.23023778]]
1,[[0.9933817]],[[0.42376447]]
0,[[0.01757118]],[[0.3313255]]
0,[[0.0020161]],[[0.2936324]]
1,[[0.74512726]],[[0.832913]]
1,[[0.8397162]],[[0.7221252]]
0,[[0.0018872]],[[0.23023778]]
0,[[0.567331]],[[0.23023778]]
0,[[0.5266956]],[[0.3313255]]
1,[[0.95999026]],[[0.2936324]]
1,[[0.53768677]],[[0.2936324]]
1,[[0.6390996]],[[0.2936324]]
1,[[0.9422177]],[[0.63512105]]
0,[[0.00278568]],[[0.23023778]]
0,[[0.16363585]],[[0.32822198]]
0,[[0.00337243]],[[0.81845677]]
1,[[0.58490855]],[[0.8370374]]
0,[[0.01556891]],[[0.23023778]]
0,[[0.851465]],[[0.6555708]]
1,[[0.97674704]],[[0.2936324]]
0,[[0.8256559]],[[0.2936324]]
1,[[0.8921505]],[[0.6550263]]
1,[[0.00210339]],[[0.81648517]]
0,[[0.3551936]],[[0.2936324]]
1,[[0.47884884]],[[0.2936324]]
0,[[0.0018872]],[[0.2936324]]
1,[[0.34510788]],[[0.7491785]]
1,[[0.64518327]],[[0.71049607]]
1,[[0.61372423]],[[0.2936324]]
0,[[0.29110307]],[[0.23023778]]
0,[[0.16856772]],[[0.41593042]]
0,[[0.6846803]],[[0.47647506]]
0,[[0.0018872]],[[0.42376062]]
0,[[0.0018872]],[[0.42376062]]
0,[[0.33217716]],[[0.44825712]]
1,[[0.9829128]],[[0.71720856]]
1,[[0.7105648]],[[0.7311745]]
0,[[0.00193742]],[[0.23209274]]
0,[[0.50064045]],[[0.2936324]]
1,[[0.95384514]],[[0.6897458]]
1,[[0.40423515]],[[0.23023778]]
0,[[0.00604811]],[[0.2936324]]
0,[[0.53148365]],[[0.23023778]]
0,[[0.00301841]],[[0.23023778]]
1,[[0.87721264]],[[0.7687481]]
1,[[0.00584248]],[[0.6046628]]
0,[[0.0020026]],[[0.29363054]]
1,[[0.9823185]],[[0.91537356]]
0,[[0.46777737]],[[0.2936324]]
0,[[0.0018872]],[[0.2936324]]
1,[[0.9887922]],[[0.23039228]]
0,[[0.8082582]],[[0.42376062]]
0,[[0.0018872]],[[0.23023778]]
0,[[0.45319203]],[[0.2936324]]
1,[[0.83357453]],[[0.7800339]]
1,[[0.7397178]],[[0.23024663]]
0,[[0.36707318]],[[0.7605502]]
1,[[0.28510904]],[[0.41204697]]
1,[[0.99483335]],[[0.2936324]]
1,[[0.98763466]],[[0.91458774]]
1,[[0.7636225]],[[0.2936324]]
0,[[0.00210345]],[[0.23023778]]
0,[[0.01561764]],[[0.3313255]]
0,[[0.18481413]],[[0.42376062]]
0,[[0.00187454]],[[0.27251405]]
1,[[0.01005834]],[[0.13562763]]
1,[[0.9727906]],[[0.9035238]]
0,[[0.00188729]],[[0.09153691]]
1,[[0.9663023]],[[0.73472524]]
1,[[0.69819]],[[0.3122943]]
1,[[0.9923074]],[[0.3313255]]
0,[[0.05973738]],[[0.21492562]]
1,[[0.9945301]],[[0.8756536]]
1,[[0.8022845]],[[0.66404533]]
0,[[0.01931542]],[[0.2936324]]
0,[[0.8087409]],[[0.2936324]]
0,[[0.05480787]],[[0.34802404]]
0,[[0.25754088]],[[0.31245244]]
0,[[0.56885976]],[[0.23023778]]
0,[[0.0018872]],[[0.2936324]]
1,[[0.7228391]],[[0.2936324]]
1,[[0.23131159]],[[0.815326]]
1,[[0.4704041]],[[0.2936324]]
1,[[0.8623414]],[[0.4860925]]
1,[[0.85342276]],[[0.5624867]]
0,[[0.00188118]],[[0.2936324]]
1,[[0.9602759]],[[0.55755985]]
0,[[0.28587747]],[[0.2936324]]
0,[[0.0025146]],[[0.27251405]]
1,[[0.5022013]],[[0.7720886]]
0,[[0.00345895]],[[0.23023778]]
0,[[0.00531536]],[[0.3313255]]
1,[[0.47141087]],[[0.2690853]]
0,[[0.0018872]],[[0.2936324]]
0,[[0.00193739]],[[0.23023778]]
0,[[0.49400476]],[[0.23023778]]
0,[[0.04939121]],[[0.55383456]]
1,[[0.487281]],[[0.2936324]]
0,[[0.23303384]],[[0.23031259]]
1,[[0.1182963]],[[0.7367593]]
1,[[0.49830624]],[[0.6316525]]
0,[[0.09136987]],[[0.2936324]]
1,[[0.83573943]],[[0.6060186]]
1,[[0.46655765]],[[0.7701583]]
1,[[0.9945472]],[[0.7354445]]
1,[[0.60179985]],[[0.9005377]]
0,[[0.0018872]],[[0.23023778]]
0,[[0.00388399]],[[0.23023778]]
0,[[0.00246808]],[[0.52638304]]
0,[[0.20092115]],[[0.2936324]]
1,[[0.38339025]],[[0.66404533]]
0,[[0.36571223]],[[0.2936324]]
1,[[0.00260481]],[[0.47039658]]
0,[[0.0018872]],[[0.25356686]]
1,[[0.96889156]],[[0.6388424]]
0,[[0.0018872]],[[0.47039658]]
0,[[0.0018872]],[[0.23023778]]
1,[[0.7949941]],[[0.79449314]]
1,[[0.73968685]],[[0.2936324]]
1,[[0.561957]],[[0.2530036]]
1,[[0.8165553]],[[0.8856249]]
1,[[0.89415264]],[[0.93394005]]
0,[[0.15991515]],[[0.557523]]
1,[[0.6697024]],[[0.31230593]]
1,[[0.20560348]],[[0.4802756]]
0,[[0.00562149]],[[0.5768877]]
0,[[0.0018872]],[[0.20107299]]
1,[[0.37301636]],[[0.37478673]]
1,[[0.98244727]],[[0.8588698]]
1,[[0.34166217]],[[0.5610286]]
1,[[0.57064015]],[[0.20107299]]
0,[[0.02116314]],[[0.2936324]]
1,[[0.768208]],[[0.23023778]]
0,[[0.0018872]],[[0.66404533]]
1,[[0.73076123]],[[0.23023778]]
1,[[0.8659049]],[[0.81020737]]
0,[[0.5279601]],[[0.2530036]]
0,[[0.0018872]],[[0.23023778]]
1,[[0.8769168]],[[0.8974922]]
0,[[0.00189084]],[[0.27251405]]
1,[[0.97996575]],[[0.2936324]]
0,[[0.03469148]],[[0.23023778]]
0,[[0.39621943]],[[0.5768877]]
1,[[0.32494396]],[[0.83657426]]
1,[[0.91450226]],[[0.89317966]]
0,[[0.0018872]],[[0.2936324]]
1,[[0.3634742]],[[0.23023778]]
0,[[0.00222671]],[[0.2936324]]
0,[[0.00813344]],[[0.23023778]]
0,[[0.30151916]],[[0.8256293]]
0,[[0.00449535]],[[0.23023778]]
0,[[0.0018872]],[[0.23023778]]
0,[[0.00474983]],[[0.44825712]]
0,[[0.4772406]],[[0.404734]]
0,[[0.00210163]],[[0.23023778]]
1,[[0.9913546]],[[0.6546649]]
0,[[0.17477605]],[[0.2936324]]
0,[[0.11125591]],[[0.2936324]]
0,[[0.00436825]],[[0.4764877]]
0,[[0.20858869]],[[0.23023778]]
0,[[0.00218812]],[[0.05430114]]
1,[[0.67340815]],[[0.46160227]]
1,[[0.27912366]],[[0.35088563]]
0,[[0.1545389]],[[0.27251405]]
0,[[0.00322607]],[[0.2936324]]
1,[[0.49765474]],[[0.2936324]]
0,[[0.78249943]],[[0.23023778]]
0,[[0.118588]],[[0.5538342]]
0,[[0.12461665]],[[0.2936324]]
0,[[0.00292456]],[[0.2936324]]
0,[[0.34617788]],[[0.2936324]]
0,[[0.00193739]],[[0.16755876]]
0,[[0.00188708]],[[0.52638304]]
1,[[0.9827669]],[[0.29363233]]
0,[[0.19422755]],[[0.66404533]]
0,[[0.43346566]],[[0.3313255]]
1,[[0.42735487]],[[0.6543923]]
1,[[0.82558817]],[[0.9636631]]
0,[[0.26554862]],[[0.2936324]]
0,[[0.02104768]],[[0.23023778]]
1,[[0.15737885]],[[0.2936324]]
1,[[0.96936417]],[[0.9113219]]
1,[[0.9609659]],[[0.9111018]]
0,[[0.5325471]],[[0.2936324]]
1,[[0.5654533]],[[0.95757365]]
1,[[0.2233389]],[[0.6200313]]
0,[[0.00286391]],[[0.23023948]]
0,[[0.04060739]],[[0.2936324]]
0,[[0.0018872]],[[0.2936324]]
1,[[0.43458003]],[[0.68717146]]
0,[[0.18009719]],[[0.42376062]]
0,[[0.00231731]],[[0.23024079]]
1,[[0.45570448]],[[0.70542115]]
0,[[0.0021877]],[[0.23023778]]
1,[[0.70720255]],[[0.4613045]]
0,[[0.0070852]],[[0.69210315]]
0,[[0.0450924]],[[0.2936324]]
0,[[0.00520766]],[[0.23023778]]
0,[[0.10029599]],[[0.2936324]]
1,[[0.847676]],[[0.92651474]]
0,[[0.52774143]],[[0.7341213]]
0,[[0.00271812]],[[0.2936324]]
0,[[0.363881]],[[0.23023778]]
0,[[0.9870465]],[[0.2741861]]
1,[[0.41403085]],[[0.2936324]]
1,[[0.652037]],[[0.47332165]]
1,[[0.7601688]],[[0.91624844]]
0,[[0.00357834]],[[0.23023778]]
0,[[0.05906892]],[[0.37478673]]
1,[[0.76294106]],[[0.9238103]]
1,[[0.9744645]],[[0.57262707]]
0,[[0.0132423]],[[0.23023778]]
1,[[0.8912944]],[[0.7645485]]
1,[[0.8837041]],[[0.47560164]]
1,[[0.49975353]],[[0.7646607]]
1,[[0.780618]],[[0.47647506]]
1,[[0.5499628]],[[0.29478282]]
0,[[0.37221178]],[[0.2936324]]
1,[[0.6173571]],[[0.29535615]]
1,[[0.30033436]],[[0.52306783]]
1,[[0.06806892]],[[0.2936324]]
1,[[0.962294]],[[0.53466773]]
1,[[0.5902897]],[[0.2936324]]
0,[[0.00211915]],[[0.29548913]]
0,[[0.21870527]],[[0.47647506]]
1,[[0.9759592]],[[0.88305163]]
1,[[0.00216427]],[[0.3313255]]
1,[[0.04124752]],[[0.5606556]]
1,[[0.5815869]],[[0.23023778]]
1,[[0.10071576]],[[0.23023778]]
1,[[0.75003445]],[[0.47647867]]
1,[[0.71133536]],[[0.2936324]]
0,[[0.29768467]],[[0.23023778]]
0,[[0.00251865]],[[0.16755876]]
0,[[0.00185847]],[[0.23023778]]
0,[[0.11737794]],[[0.27251405]]
0,[[0.3312702]],[[0.2936324]]
0,[[0.0018872]],[[0.27251405]]
0,[[0.865489]],[[0.6918948]]
1,[[0.20751429]],[[0.3313255]]
1,[[0.5588946]],[[0.86372626]]
0,[[0.87670386]],[[0.646949]]
0,[[0.00187454]],[[0.22773534]]
0,[[0.0074864]],[[0.23023778]]
0,[[0.4665543]],[[0.4764739]]
1,[[0.01258704]],[[0.2936324]]
1,[[0.289179]],[[0.6711704]]
1,[[0.93094665]],[[0.6686082]]
0,[[0.0018872]],[[0.27238882]]
0,[[0.00193739]],[[0.23023778]]
0,[[0.00416508]],[[0.52638304]]
0,[[0.00427505]],[[0.6347401]]
0,[[0.00364482]],[[0.2936324]]
0,[[0.29184365]],[[0.48850182]]
1,[[0.49760252]],[[0.9189596]]
0,[[0.00186834]],[[0.2936324]]
0,[[0.09345153]],[[0.23023778]]
0,[[0.16217321]],[[0.23023778]]
0,[[0.00187454]],[[0.2936324]]
1,[[0.6262755]],[[0.7807591]]
0,[[0.10147229]],[[0.2936324]]
0,[[0.6134409]],[[0.2936324]]
1,[[0.22026294]],[[0.41593048]]
0,[[0.00254276]],[[0.2936324]]
0,[[0.00268209]],[[0.27251405]]
1,[[0.5555684]],[[0.73883194]]
1,[[0.21390438]],[[0.27260056]]
0,[[0.07198793]],[[0.2936324]]
1,[[0.26347083]],[[0.23023778]]
0,[[0.00266904]],[[0.2936324]]
0,[[0.0018872]],[[0.27251405]]
1,[[0.14615208]],[[0.3313255]]
1,[[0.95251685]],[[0.73883194]]
0,[[0.00188118]],[[0.34113276]]
1,[[0.97636616]],[[0.2936324]]
0,[[0.41372663]],[[0.55755985]]
0,[[0.01718605]],[[0.5610286]]
0,[[0.00232324]],[[0.7470782]]
0,[[0.07918084]],[[0.428618]]
0,[[0.20789209]],[[0.23023778]]
0,[[0.00751588]],[[0.23023778]]
1,[[0.9906519]],[[0.23023778]]
0,[[0.00201604]],[[0.23209274]]
1,[[0.63547975]],[[0.81030905]]
1,[[0.35084742]],[[0.2936324]]
0,[[0.01025254]],[[0.47039658]]
0,[[0.32210395]],[[0.5241296]]
0,[[0.7500489]],[[0.23025724]]
1,[[0.49830994]],[[0.6832832]]
0,[[0.0018872]],[[0.23023778]]
1,[[0.9915279]],[[0.7705296]]
1,[[0.05366749]],[[0.2936324]]
1,[[0.06187794]],[[0.5309326]]
0,[[0.00594583]],[[0.23023778]]
0,[[0.00333321]],[[0.23023778]]
0,[[0.4385831]],[[0.86340797]]
0,[[0.00237173]],[[0.42376062]]
0,[[0.29955816]],[[0.428618]]
0,[[0.6043334]],[[0.7315229]]
1,[[0.02442834]],[[0.24945697]]
0,[[0.99245167]],[[0.2936324]]
0,[[0.11674073]],[[0.2530036]]
1,[[0.85391223]],[[0.9129684]]
0,[[0.01163718]],[[0.42376062]]
0,[[0.0018872]],[[0.23023778]]
0,[[0.18293318]],[[0.47647506]]
0,[[0.54573864]],[[0.2936324]]
0,[[0.01834852]],[[0.42374292]]
1,[[0.7907865]],[[0.23023778]]
0,[[0.36948174]],[[0.2936324]]
0,[[0.46678948]],[[0.2936324]]
1,[[0.17736882]],[[0.23023778]]
0,[[0.00188503]],[[0.23023778]]
0,[[0.00283918]],[[0.09153691]]
0,[[0.00190169]],[[0.23023778]]
0,[[0.01531205]],[[0.09153053]]
1,[[0.931017]],[[0.2338728]]
0,[[0.00188717]],[[0.272514]]
0,[[0.0018872]],[[0.52638304]]
1,[[0.5636655]],[[0.76986146]]
0,[[0.53453666]],[[0.56198186]]
1,[[0.4162897]],[[0.9177557]]
0,[[0.00537404]],[[0.11237422]]
0,[[0.42053917]],[[0.66964006]]
1,[[0.9506637]],[[0.6060186]]
1,[[0.9378369]],[[0.2936324]]
0,[[0.94746757]],[[0.30321532]]
0,[[0.00662136]],[[0.27251405]]
1,[[0.0328702]],[[0.84936166]]
1,[[0.5350232]],[[0.2936324]]
0,[[0.00196761]],[[0.46160227]]
1,[[0.7966777]],[[0.47173485]]
0,[[0.28432405]],[[0.2936324]]
1,[[0.26783794]],[[0.6680517]]
0,[[0.8637074]],[[0.81027436]]
0,[[0.22609302]],[[0.42376062]]
0,[[0.54705864]],[[0.4764751]]
1,[[0.98394835]],[[0.93962795]]
0,[[0.01114064]],[[0.23528871]]
1,[[0.04670265]],[[0.2936324]]
0,[[0.00343093]],[[0.48883846]]
1,[[0.9906498]],[[0.2936324]]
0,[[0.01929623]],[[0.27251405]]
1,[[0.35825902]],[[0.63412666]]
0,[[0.09843546]],[[0.6312149]]
0,[[0.00215051]],[[0.3313255]]
0,[[0.0018872]],[[0.6897458]]
0,[[0.30042526]],[[0.37478673]]
0,[[0.0018872]],[[0.2936324]]
0,[[0.36780038]],[[0.3313255]]
0,[[0.61201984]],[[0.47647506]]
0,[[0.6368528]],[[0.2936324]]
1,[[0.99440765]],[[0.2936324]]
1,[[0.48102587]],[[0.2936324]]
0,[[0.44681528]],[[0.2936324]]
1,[[0.5419699]],[[0.2936324]]
1,[[0.4192482]],[[0.27251405]]
0,[[0.00193116]],[[0.23209274]]
1,[[0.9744421]],[[0.74919695]]
0,[[0.00293702]],[[0.27251405]]
0,[[0.61160064]],[[0.30976346]]
0,[[0.4099423]],[[0.2936324]]
0,[[0.4042894]],[[0.55755985]]
1,[[0.7756337]],[[0.56405544]]
0,[[0.00224566]],[[0.23023778]]
0,[[0.5117839]],[[0.5471978]]
0,[[0.3649006]],[[0.2938798]]
0,[[0.170407]],[[0.23023778]]
0,[[0.0018872]],[[0.23023778]]
1,[[0.6076142]],[[0.23023778]]
0,[[0.03937605]],[[0.42376062]]
1,[[0.49831042]],[[0.2936324]]
1,[[0.63667005]],[[0.6813901]]
0,[[0.0018872]],[[0.23968461]]
0,[[0.1530061]],[[0.41593048]]
0,[[0.96979856]],[[0.942121]]
0,[[0.00557521]],[[0.55755985]]
0,[[0.00233272]],[[0.23023778]]
1,[[0.41052592]],[[0.6539767]]
1,[[0.9933169]],[[0.8663935]]
0,[[0.00200972]],[[0.2936324]]
0,[[0.00232139]],[[0.47484124]]
1,[[0.7519301]],[[0.64536834]]
0,[[0.0206078]],[[0.42376062]]
1,[[0.985425]],[[0.7533295]]
1,[[0.6756755]],[[0.7617763]]
0,[[0.00460628]],[[0.5768877]]
0,[[0.0718337]],[[0.2936324]]
0,[[0.00411013]],[[0.23023778]]
1,[[0.9860811]],[[0.9093686]]
0,[[0.03902981]],[[0.27251405]]
0,[[0.0018872]],[[0.23023778]]
0,[[0.0018872]],[[0.23023778]]
1,[[0.75511694]],[[0.6201116]]
0,[[0.5145188]],[[0.2936324]]
0,[[0.0018872]],[[0.2936324]]
1,[[0.5569923]],[[0.70639294]]
0,[[0.00257966]],[[0.20107299]]
1,[[0.8672602]],[[0.2936324]]
0,[[0.8291109]],[[0.27251405]]
1,[[0.9689216]],[[0.4860925]]
1,[[0.01111257]],[[0.4700817]]
1,[[0.49683055]],[[0.2936324]]
0,[[0.03262371]],[[0.2936324]]
1,[[0.37903163]],[[0.2936324]]
0,[[0.6492644]],[[0.2936324]]
1,[[0.2640306]],[[0.6919602]]
1,[[0.9902216]],[[0.91360724]]
1,[[0.8278791]],[[0.5768877]]
0,[[0.00304383]],[[0.15657681]]
0,[[0.08814093]],[[0.23023778]]
0,[[0.04175767]],[[0.23023778]]
0,[[0.0018872]],[[0.20107299]]
0,[[0.54488933]],[[0.6685414]]
1,[[0.67359877]],[[0.47484124]]
1,[[0.9956913]],[[0.94157696]]
0,[[0.00509101]],[[0.23023778]]
0,[[0.49985734]],[[0.2936324]]
0,[[0.01901793]],[[0.76867855]]
0,[[0.49927664]],[[0.23023778]]
0,[[0.0547435]],[[0.47647506]]
0,[[0.6664443]],[[0.23023778]]
0,[[0.00189152]],[[0.15347514]]
1,[[0.69516957]],[[0.2936324]]
1,[[0.11441833]],[[0.55154663]]
0,[[0.00193739]],[[0.2936324]]
0,[[0.00294235]],[[0.2936324]]
0,[[0.01567012]],[[0.6914371]]
1,[[0.9693905]],[[0.48883846]]
0,[[0.02401569]],[[0.90223074]]
1,[[0.7404991]],[[0.764642]]
0,[[0.00282872]],[[0.47266108]]
1,[[0.6906091]],[[0.66404533]]
0,[[0.00225633]],[[0.2936324]]
0,[[0.07567003]],[[0.23209274]]
0,[[0.01608396]],[[0.47484124]]
0,[[0.01763058]],[[0.6550263]]
1,[[0.0308713]],[[0.23023778]]
0,[[0.00215501]],[[0.23023778]]
1,[[0.68204165]],[[0.8536341]]
1,[[0.25929824]],[[0.2936324]]
0,[[0.17187002]],[[0.27251405]]
1,[[0.84893185]],[[0.7542902]]
0,[[0.14736888]],[[0.2936324]]
1,[[0.2462213]],[[0.23023778]]
0,[[0.0066919]],[[0.23023778]]
0,[[0.7397542]],[[0.2936324]]
0,[[0.8151832]],[[0.6688583]]
0,[[0.01239902]],[[0.8170493]]
1,[[0.9327474]],[[0.94399345]]
1,[[0.7845452]],[[0.23023778]]
0,[[0.00225008]],[[0.47484124]]
0,[[0.8824051]],[[0.29363233]]
0,[[0.4257868]],[[0.42376062]]
1,[[0.52349186]],[[0.2936324]]
0,[[0.10709739]],[[0.46160227]]
1,[[0.06415719]],[[0.2936324]]
1,[[0.97014487]],[[0.2936324]]
0,[[0.00260791]],[[0.2936324]]
0,[[0.00501618]],[[0.5241296]]
0,[[0.01192793]],[[0.16617525]]
1,[[0.9922748]],[[0.55383456]]
1,[[0.4860191]],[[0.9278808]]
0,[[0.03533134]],[[0.428618]]
1,[[0.11890653]],[[0.4768908]]
0,[[0.00227648]],[[0.36861634]]
0,[[0.5117189]],[[0.23023778]]
0,[[0.00248161]],[[0.23023778]]
1,[[0.9942328]],[[0.9443412]]
1,[[0.9909501]],[[0.23023778]]
0,[[0.0421761]],[[0.23023778]]
1,[[0.9318898]],[[0.2936324]]
1,[[0.2751471]],[[0.63208824]]
0,[[0.19000718]],[[0.23023778]]
0,[[0.18875003]],[[0.23023778]]
0,[[0.5092001]],[[0.42376062]]
0,[[0.00202197]],[[0.2936324]]
1,[[0.40280813]],[[0.23023778]]
0,[[0.39941576]],[[0.2936324]]
0,[[0.06990963]],[[0.2936324]]
0,[[0.37579352]],[[0.23023778]]
0,[[0.01275277]],[[0.77685237]]
1,[[0.7467108]],[[0.9081534]]
1,[[0.840168]],[[0.82342935]]
0,[[0.7658013]],[[0.626021]]
0,[[0.00209782]],[[0.2936324]]
0,[[0.09175849]],[[0.80445033]]
0,[[0.0018872]],[[0.23023778]]
1,[[0.3843835]],[[0.23023778]]
0,[[0.591327]],[[0.63412666]]
1,[[0.9573982]],[[0.5537924]]
0,[[0.00185847]],[[0.27251405]]
0,[[0.5057475]],[[0.47647154]]
1,[[0.98418605]],[[0.23023778]]
0,[[0.5796627]],[[0.23023778]]
0,[[0.00471774]],[[0.25015867]]
1,[[0.8254851]],[[0.7673295]]
1,[[0.9832341]],[[0.8913794]]
0,[[0.7621902]],[[0.27251405]]
1,[[0.42467833]],[[0.27251405]]
0,[[0.00262785]],[[0.3313255]]
0,[[0.0018872]],[[0.2936324]]
0,[[0.00194046]],[[0.2936324]]
0,[[0.08428499]],[[0.78662264]]
1,[[0.75615036]],[[0.91532075]]
1,[[0.5162496]],[[0.23023778]]
0,[[0.2026371]],[[0.2936324]]
0,[[0.12363234]],[[0.47647506]]
1,[[0.32545307]],[[0.23023778]]
0,[[0.15248084]],[[0.2936324]]
0,[[0.0018872]],[[0.23023778]]
0,[[0.03530547]],[[0.2936324]]
0,[[0.00223669]],[[0.23023778]]
0,[[0.16030577]],[[0.2936324]]
1,[[0.4788534]],[[0.47036323]]
0,[[0.00227419]],[[0.27251405]]
0,[[0.08361286]],[[0.2936324]]
0,[[0.0018872]],[[0.23023778]]
0,[[0.0018872]],[[0.23023778]]
0,[[0.00578287]],[[0.11710459]]
0,[[0.06741422]],[[0.27251405]]
1,[[0.9963516]],[[0.8588698]]
1,[[0.81340194]],[[0.23023778]]
0,[[0.149555]],[[0.6300123]]
1,[[0.33169436]],[[0.2936324]]
1,[[0.60549206]],[[0.81142974]]
0,[[0.43024436]],[[0.2936324]]
1,[[0.11726934]],[[0.7509264]]
1,[[0.4095863]],[[0.8472705]]
0,[[0.00318506]],[[0.2936324]]
1,[[0.98930407]],[[0.913062]]
1,[[0.7552608]],[[0.6457555]]
0,[[0.04462871]],[[0.27251405]]
1,[[0.5344604]],[[0.2936324]]
0,[[0.06964758]],[[0.55154663]]
0,[[0.36132115]],[[0.6685414]]
0,[[0.3847201]],[[0.68776906]]
1,[[0.9940742]],[[0.47647506]]
1,[[0.7560574]],[[0.5566591]]
1,[[0.16310742]],[[0.47306544]]
1,[[0.8809291]],[[0.72633934]]
0,[[0.08886588]],[[0.27781063]]
0,[[0.5231988]],[[0.27251405]]
0,[[0.03039515]],[[0.6638067]]
0,[[0.00276312]],[[0.23023778]]
0,[[0.4758495]],[[0.2530036]]
1,[[0.05064878]],[[0.89419377]]
0,[[0.9839784]],[[0.69210315]]
0,[[0.6164562]],[[0.30587965]]
1,[[0.98780817]],[[0.91848826]]
1,[[0.00729617]],[[0.6623149]]
1,[[0.7457322]],[[0.60615253]]
0,[[0.50745416]],[[0.2936324]]
1,[[0.98425686]],[[0.2936324]]
1,[[0.8881306]],[[0.47039658]]
0,[[0.00306994]],[[0.23023778]]
1,[[0.7572837]],[[0.2936324]]
0,[[0.00247505]],[[0.23023778]]
0,[[0.0018872]],[[0.23023778]]
0,[[0.43392253]],[[0.3212247]]
0,[[0.00193739]],[[0.25374168]]
0,[[0.00185847]],[[0.2530036]]
0,[[0.0018872]],[[0.23023778]]
0,[[0.00193739]],[[0.2936324]]
1,[[0.5391794]],[[0.47647506]]
1,[[0.78627014]],[[0.672338]]
1,[[0.9610956]],[[0.64694977]]
0,[[0.01804265]],[[0.42376062]]
1,[[0.6229732]],[[0.2936324]]
1,[[0.6933312]],[[0.8225002]]
0,[[0.02309746]],[[0.2936324]]
1,[[0.13938418]],[[0.5768877]]
0,[[0.00194237]],[[0.1819377]]
0,[[0.00193745]],[[0.23023778]]
0,[[0.00201157]],[[0.42376062]]
1,[[0.3977833]],[[0.42376062]]
0,[[0.11433765]],[[0.26260418]]
0,[[0.00194025]],[[0.22291711]]
0,[[0.0295043]],[[0.2936324]]
1,[[0.84865546]],[[0.69150555]]
0,[[0.00297278]],[[0.52638304]]
0,[[0.00268808]],[[0.23023778]]
1,[[0.56345063]],[[0.5372446]]
1,[[0.8308382]],[[0.57262707]]
0,[[0.00230849]],[[0.764642]]
0,[[0.00501963]],[[0.64517987]]
1,[[0.4554447]],[[0.62061703]]
1,[[0.51535165]],[[0.5768877]]
0,[[0.00396505]],[[0.2936324]]
0,[[0.00188863]],[[0.23023778]]
0,[[0.00704584]],[[0.2936324]]
0,[[0.06587598]],[[0.23023778]]
1,[[0.9305453]],[[0.59065956]]
1,[[0.96875715]],[[0.2936324]]
0,[[0.5466465]],[[0.6625898]]
0,[[0.00214681]],[[0.2936324]]
1,[[0.57639027]],[[0.5136908]]
0,[[0.0018872]],[[0.27251405]]
0,[[0.0018872]],[[0.2936324]]
1,[[0.9882393]],[[0.8873323]]
0,[[0.00210345]],[[0.23023778]]
1,[[0.9463767]],[[0.9491551]]
1,[[0.9952569]],[[0.42376062]]
0,[[0.06694862]],[[0.5194172]]
0,[[0.00772613]],[[0.14057213]]
1,[[0.37637928]],[[0.7689033]]
0,[[0.1396761]],[[0.27251405]]
1,[[0.71299046]],[[0.23023778]]
1,[[0.74095273]],[[0.63120955]]
0,[[0.0018872]],[[0.52638304]]
0,[[0.01441696]],[[0.62422717]]
1,[[0.99087656]],[[0.82306886]]
1,[[0.9930299]],[[0.23023778]]
0,[[0.01539597]],[[0.2936324]]
0,[[0.00184849]],[[0.23023778]]
1,[[0.85452324]],[[0.9076666]]
0,[[0.0032897]],[[0.2936324]]
1,[[0.98169816]],[[0.69121623]]
0,[[0.31403184]],[[0.27251405]]
0,[[0.06437755]],[[0.23023778]]
0,[[0.00188473]],[[0.2530036]]
0,[[0.71852916]],[[0.8467403]]
1,[[0.18840075]],[[0.2936324]]
0,[[0.40403983]],[[0.31133264]]
1,[[0.9645622]],[[0.2936324]]
0,[[0.01267847]],[[0.27251405]]
0,[[0.00270638]],[[0.69210315]]
1,[[0.9894277]],[[0.7687481]]
0,[[0.00543985]],[[0.2936324]]
0,[[0.00230208]],[[0.23023778]]
0,[[0.38311553]],[[0.6759264]]
0,[[0.0024111]],[[0.23023778]]
1,[[0.99050075]],[[0.6849666]]
0,[[0.0018872]],[[0.23023778]]
0,[[0.47205043]],[[0.6513798]]
0,[[0.23186952]],[[0.5241296]]
0,[[0.5997561]],[[0.6918948]]
0,[[0.00505373]],[[0.2936324]]
1,[[0.00488469]],[[0.825539]]
0,[[0.00193739]],[[0.27251405]]
0,[[0.13329425]],[[0.23023778]]
1,[[0.93163747]],[[0.23023778]]
1,[[0.992595]],[[0.74919415]]
1,[[0.99179685]],[[0.23023778]]
0,[[0.2772712]],[[0.604726]]
0,[[0.00353724]],[[0.23023778]]
0,[[0.0020425]],[[0.23023787]]
0,[[0.00236395]],[[0.23023778]]
1,[[0.9451904]],[[0.2936324]]
0,[[0.00275111]],[[0.23023778]]
0,[[0.00207448]],[[0.3313255]]
1,[[0.55283016]],[[0.23023778]]
1,[[0.7123887]],[[0.23023778]]
0,[[0.00200692]],[[0.2936324]]
0,[[0.5466859]],[[0.55154663]]
0,[[0.15792227]],[[0.2936324]]
1,[[0.98190457]],[[0.7062316]]
1,[[0.6781286]],[[0.23197302]]
0,[[0.00323975]],[[0.2936324]]
1,[[0.49038926]],[[0.81142974]]
1,[[0.5054337]],[[0.9025781]]
0,[[0.01004162]],[[0.2936324]]
0,[[0.00666937]],[[0.23023778]]
0,[[0.00204903]],[[0.2936324]]
0,[[0.40880144]],[[0.6074026]]
0,[[0.00184739]],[[0.2936324]]
0,[[0.32214826]],[[0.76053286]]
1,[[0.58622336]],[[0.65105534]]
1,[[0.5298828]],[[0.7979286]]
0,[[0.8208207]],[[0.47647506]]
1,[[0.70126295]],[[0.6703904]]
0,[[0.08365184]],[[0.2936324]]
0,[[0.03534651]],[[0.2936324]]
0,[[0.00212136]],[[0.23023778]]
0,[[0.01888454]],[[0.63412666]]
1,[[0.33540148]],[[0.23023778]]
0,[[0.01541945]],[[0.2936324]]
0,[[0.00258765]],[[0.27140373]]
0,[[0.5147412]],[[0.2936324]]
1,[[0.98642594]],[[0.7367693]]
0,[[0.35126135]],[[0.5615359]]
1,[[0.48369777]],[[0.42376062]]
0,[[0.00462824]],[[0.23023778]]
0,[[0.50098544]],[[0.8908082]]
0,[[0.0018872]],[[0.2936324]]
0,[[0.43345577]],[[0.6703904]]
0,[[0.00391763]],[[0.23024574]]
0,[[0.0018872]],[[0.2936324]]
0,[[0.00295526]],[[0.23023778]]
1,[[0.4822955]],[[0.23023778]]
0,[[0.44466007]],[[0.2936324]]
1,[[0.99038684]],[[0.2530036]]
0,[[0.00214401]],[[0.23023778]]
0,[[0.7388151]],[[0.44825712]]
0,[[0.15849575]],[[0.7449403]]
0,[[0.08052504]],[[0.23023778]]
0,[[0.00193125]],[[0.23023778]]
0,[[0.5292318]],[[0.23023778]]
0,[[0.00364318]],[[0.2936324]]
0,[[0.4023446]],[[0.2936324]]
0,[[0.47786903]],[[0.3480239]]
1,[[0.3829605]],[[0.2936324]]
1,[[0.9450834]],[[0.95345986]]
0,[[0.00184602]],[[0.23023778]]
0,[[0.00188795]],[[0.2936324]]
0,[[0.00187454]],[[0.23023778]]
1,[[0.3860802]],[[0.66743785]]
0,[[0.00193739]],[[0.23023778]]
0,[[0.00188774]],[[0.5404601]]
1,[[0.9890323]],[[0.23023778]]
1,[[0.40976062]],[[0.6765427]]
0,[[0.0041616]],[[0.23023778]]
1,[[0.39304292]],[[0.4795789]]
0,[[0.0018872]],[[0.23023778]]
0,[[0.42469746]],[[0.23023778]]
0,[[0.02673665]],[[0.2936324]]
0,[[0.4085989]],[[0.29363418]]
1,[[0.9879396]],[[0.9134706]]
0,[[0.00248867]],[[0.52638304]]
0,[[0.03056151]],[[0.3825855]]
0,[[0.04897624]],[[0.23023778]]
1,[[0.8396435]],[[0.9574826]]
1,[[0.9706893]],[[0.91428596]]
1,[[0.9183134]],[[0.55755985]]
1,[[0.10024536]],[[0.81573796]]
0,[[0.9308654]],[[0.17463791]]
0,[[0.0018872]],[[0.22773528]]
1,[[0.9760989]],[[0.5309326]]
1,[[0.47385582]],[[0.2936324]]
0,[[0.15613604]],[[0.2936324]]
1,[[0.72651565]],[[0.2530036]]
0,[[0.31062022]],[[0.23023778]]
0,[[0.00195774]],[[0.23023778]]
0,[[0.00391123]],[[0.18149996]]
0,[[0.01092574]],[[0.37478673]]
0,[[0.0018872]],[[0.20107141]]
0,[[0.0018872]],[[0.23022997]]
1,[[0.25679353]],[[0.7275953]]
0,[[0.44619927]],[[0.7780943]]
0,[[0.2769423]],[[0.9096694]]
0,[[0.01278329]],[[0.47039658]]
0,[[0.00193739]],[[0.37184224]]
1,[[0.38624924]],[[0.419796]]
1,[[0.02018377]],[[0.23023778]]
1,[[0.9427768]],[[0.5768877]]
1,[[0.3914767]],[[0.61379033]]
0,[[0.35471952]],[[0.23209274]]
0,[[0.00346723]],[[0.23023778]]
1,[[0.9937687]],[[0.95262486]]
1,[[0.33119452]],[[0.23023778]]
1,[[0.9531727]],[[0.82342935]]
1,[[0.60794544]],[[0.2936324]]
1,[[0.01819015]],[[0.7795505]]
0,[[0.0018872]],[[0.52638304]]
1,[[0.9835365]],[[0.557523]]
0,[[0.00236538]],[[0.52638304]]
1,[[0.9918684]],[[0.91428596]]
0,[[0.00178573]],[[0.23023778]]
1,[[0.6771233]],[[0.5177327]]
1,[[0.704316]],[[0.2936324]]
0,[[0.36158645]],[[0.47647506]]
0,[[0.00223741]],[[0.2936324]]
0,[[0.00194445]],[[0.23023778]]
1,[[0.8710059]],[[0.23023778]]
0,[[0.0018872]],[[0.52638304]]
0,[[0.34814006]],[[0.2936324]]
1,[[0.9808386]],[[0.81698966]]
1,[[0.43756035]],[[0.2936324]]
1,[[0.9212221]],[[0.90996706]]
0,[[0.36948174]],[[0.2936324]]
1,[[0.13767916]],[[0.9528208]]
1,[[0.98926026]],[[0.83160496]]
0,[[0.00816095]],[[0.2936324]]
1,[[0.83202755]],[[0.37478673]]
0,[[0.3151962]],[[0.34301513]]
0,[[0.07565027]],[[0.6655166]]
0,[[0.00243533]],[[0.23023778]]
0,[[0.00207645]],[[0.2936324]]
0,[[0.00187454]],[[0.23023778]]
1,[[0.96226066]],[[0.9566853]]
0,[[0.0018872]],[[0.13489625]]
0,[[0.00197071]],[[0.2936324]]
1,[[0.9843356]],[[0.70833635]]
0,[[0.0018872]],[[0.3313255]]
1,[[0.99581075]],[[0.2936324]]
0,[[0.0020493]],[[0.23023778]]
1,[[0.27211952]],[[0.2936324]]
0,[[0.02952614]],[[0.2530036]]
1,[[0.8470237]],[[0.23023778]]
1,[[0.48367748]],[[0.65467167]]
0,[[0.00188127]],[[0.23023778]]
0,[[0.42821193]],[[0.2936324]]
0,[[0.44026524]],[[0.23023778]]
1,[[0.57573956]],[[0.5768877]]
0,[[0.00887889]],[[0.2936324]]
1,[[0.5782023]],[[0.661646]]
0,[[0.27709416]],[[0.54203355]]
0,[[0.5213875]],[[0.2936324]]
0,[[0.00187454]],[[0.2936324]]
1,[[0.9950917]],[[0.54231983]]
1,[[0.7509209]],[[0.6317233]]
0,[[0.00324321]],[[0.1661826]]
0,[[0.9798204]],[[0.695476]]
0,[[0.00181329]],[[0.23209274]]
1,[[0.0079644]],[[0.9432759]]
0,[[0.00188735]],[[0.23023778]]
0,[[0.0018872]],[[0.27251405]]
0,[[0.00528881]],[[0.37478673]]
0,[[0.00193739]],[[0.2936324]]
0,[[0.05726835]],[[0.23023778]]
1,[[0.6969493]],[[0.5198724]]
0,[[0.0018872]],[[0.23023778]]
0,[[0.12293911]],[[0.8353036]]
0,[[0.14713886]],[[0.4764751]]
0,[[0.0018872]],[[0.23023778]]
1,[[0.90103984]],[[0.8677336]]
0,[[0.46541184]],[[0.6827472]]
0,[[0.00188118]],[[0.42376062]]
1,[[0.11096674]],[[0.2936324]]
1,[[0.8989284]],[[0.7079407]]
1,[[0.9921559]],[[0.23023778]]
1,[[0.5458288]],[[0.2936324]]
0,[[0.00214341]],[[0.23023778]]
0,[[0.12709385]],[[0.23023778]]
1,[[0.5561819]],[[0.5768877]]
1,[[0.34904778]],[[0.8636205]]
1,[[0.5394005]],[[0.5610286]]
1,[[0.58656764]],[[0.90029806]]
1,[[0.9865191]],[[0.23023778]]
0,[[0.00594336]],[[0.2936324]]
0,[[0.00271475]],[[0.8848664]]
1,[[0.9854307]],[[0.5768877]]
1,[[0.94352365]],[[0.2936324]]
1,[[0.21210879]],[[0.2936324]]
0,[[0.00254232]],[[0.23023778]]
0,[[0.7376892]],[[0.23023778]]
1,[[0.9894923]],[[0.764642]]
1,[[0.92095697]],[[0.5768877]]
0,[[0.78835404]],[[0.2936324]]
0,[[0.00188714]],[[0.23023778]]
0,[[0.68033135]],[[0.21459949]]
1,[[0.97927344]],[[0.2936324]]
0,[[0.00473148]],[[0.2936324]]
0,[[0.551628]],[[0.74346817]]
0,[[0.06386921]],[[0.2936324]]
0,[[0.02673218]],[[0.2936324]]
1,[[0.97361064]],[[0.9253868]]
0,[[0.2701112]],[[0.23209274]]
1,[[0.33240467]],[[0.42376062]]
1,[[0.9829327]],[[0.7945489]]
1,[[0.6935836]],[[0.4860925]]
0,[[0.00193739]],[[0.36861634]]
0,[[0.01315933]],[[0.11411598]]
0,[[0.01680809]],[[0.2936324]]
0,[[0.0024257]],[[0.2936324]]
0,[[0.00193739]],[[0.16929147]]
1,[[0.8404584]],[[0.33202648]]
1,[[0.9913633]],[[0.23023778]]
0,[[0.00654456]],[[0.7079876]]
1,[[0.9061011]],[[0.95061755]]
0,[[0.0018872]],[[0.2936324]]
0,[[0.74251866]],[[0.2936324]]
1,[[0.93512696]],[[0.6763269]]
0,[[0.00250718]],[[0.23023778]]
1,[[0.8404191]],[[0.2936324]]
0,[[0.00566855]],[[0.4768908]]
1,[[0.9697448]],[[0.67735803]]
0,[[0.4599238]],[[0.5241296]]
0,[[0.00444123]],[[0.41593048]]
0,[[0.41103268]],[[0.23023275]]
0,[[0.08492818]],[[0.2936324]]
0,[[0.00279909]],[[0.5768877]]
0,[[0.02127635]],[[0.42376062]]
0,[[0.16110113]],[[0.2936324]]
0,[[0.0018872]],[[0.23023778]]
1,[[0.9951701]],[[0.8729614]]
0,[[0.0024823]],[[0.2936324]]
0,[[0.6182097]],[[0.55755985]]
0,[[0.00267038]],[[0.23023778]]
0,[[0.00193742]],[[0.2936324]]
1,[[0.44471017]],[[0.23023778]]
0,[[0.4858434]],[[0.23023778]]
1,[[0.1914097]],[[0.2936324]]
0,[[0.52633893]],[[0.2530036]]
0,[[0.0018872]],[[0.27251405]]
1,[[0.14423397]],[[0.23023778]]
0,[[0.2696464]],[[0.617661]]
0,[[0.00195801]],[[0.42376062]]
0,[[0.00212711]],[[0.27395603]]
1,[[0.7462464]],[[0.8710759]]
0,[[0.0161888]],[[0.2936324]]
0,[[0.31514484]],[[0.2936324]]
1,[[0.88455427]],[[0.27251405]]
0,[[0.00185856]],[[0.16469398]]
0,[[0.26374814]],[[0.20707738]]
1,[[0.76159716]],[[0.55755985]]
1,[[0.53787816]],[[0.53811383]]
1,[[0.97424364]],[[0.23023778]]
0,[[0.01073343]],[[0.23209274]]
1,[[0.29267806]],[[0.68776906]]
0,[[0.00214699]],[[0.27251405]]
0,[[0.00360525]],[[0.2936324]]
0,[[0.1244317]],[[0.48883846]]
1,[[0.691315]],[[0.5074551]]
0,[[0.00234589]],[[0.2936324]]
0,[[0.00228432]],[[0.1819377]]
0,[[0.00193739]],[[0.23503318]]
1,[[0.79837]],[[0.7311745]]
1,[[0.99058867]],[[0.52638304]]
0,[[0.17132959]],[[0.30976346]]
1,[[0.9967673]],[[0.6350063]]
1,[[0.71628714]],[[0.6849666]]
0,[[0.96858764]],[[0.6918059]]
0,[[0.00547686]],[[0.2936324]]
0,[[0.8016254]],[[0.82342935]]
1,[[0.7296139]],[[0.55755985]]
1,[[0.99064964]],[[0.79232764]]
1,[[0.8775083]],[[0.66508734]]
1,[[0.80738735]],[[0.428618]]
0,[[0.0018872]],[[0.27251405]]
0,[[0.43684128]],[[0.47484124]]
1,[[0.66285056]],[[0.48883846]]
0,[[0.00193739]],[[0.23023778]]
0,[[0.3823043]],[[0.5308079]]
0,[[0.0018872]],[[0.23023778]]
1,[[0.9899756]],[[0.704929]]
0,[[0.02169949]],[[0.29363236]]
0,[[0.71525073]],[[0.2936324]]
0,[[0.00185856]],[[0.2936324]]
1,[[0.4887072]],[[0.44825712]]
0,[[0.306023]],[[0.5768877]]
0,[[0.6618585]],[[0.88017607]]
1,[[0.5322474]],[[0.15655798]]
0,[[0.00188717]],[[0.6852901]]
0,[[0.08648267]],[[0.23023778]]
1,[[0.8957435]],[[0.2937918]]
1,[[0.6343461]],[[0.5473981]]
1,[[0.6721818]],[[0.6030457]]
0,[[0.02372435]],[[0.5536659]]
1,[[0.49441135]],[[0.2936324]]
0,[[0.00263649]],[[0.22773534]]
0,[[0.0604527]],[[0.93345475]]
0,[[0.00187445]],[[0.23023778]]
0,[[0.16032135]],[[0.2936324]]
0,[[0.00194892]],[[0.23023778]]
1,[[0.9945563]],[[0.90270734]]
0,[[0.00270456]],[[0.23023778]]
1,[[0.755479]],[[0.9202133]]
0,[[0.6029744]],[[0.7247946]]
0,[[0.3400014]],[[0.42376062]]
1,[[0.8805098]],[[0.5781112]]
0,[[0.83604217]],[[0.37478673]]
0,[[0.6136199]],[[0.23023778]]
0,[[0.02943704]],[[0.2530036]]
1,[[0.48841453]],[[0.63810194]]
1,[[0.28025866]],[[0.2936324]]
0,[[0.05266961]],[[0.27251405]]
0,[[0.51687264]],[[0.764642]]
0,[[0.00677589]],[[0.46533298]]
0,[[0.00569949]],[[0.2936324]]
0,[[0.00655046]],[[0.23990294]]
0,[[0.48251548]],[[0.25015867]]
0,[[0.14007404]],[[0.2936324]]
1,[[0.9337753]],[[0.55755985]]
1,[[0.541142]],[[0.2936324]]
0,[[0.76082844]],[[0.2936324]]
0,[[0.0018872]],[[0.2936324]]
1,[[0.39946842]],[[0.2936324]]
1,[[0.93273187]],[[0.2936324]]
0,[[0.03199744]],[[0.2936324]]
1,[[0.9931835]],[[0.52638304]]
1,[[0.7309247]],[[0.63656354]]
1,[[0.9192544]],[[0.7945489]]
1,[[0.9908797]],[[0.6811696]]
1,[[0.682751]],[[0.33866078]]
0,[[0.0038428]],[[0.2936324]]
0,[[0.0018872]],[[0.23023778]]
0,[[0.6607657]],[[0.23462126]]
1,[[0.985664]],[[0.42376062]]
0,[[0.5390694]],[[0.27251405]]
0,[[0.3662782]],[[0.6842688]]
0,[[0.0075815]],[[0.48883846]]
1,[[0.99463904]],[[0.2936324]]
1,[[0.00222963]],[[0.27283275]]
1,[[0.95735276]],[[0.5983424]]
0,[[0.06574258]],[[0.2936324]]
0,[[0.14462182]],[[0.27251405]]
0,[[0.4661807]],[[0.3193642]]
1,[[0.9679247]],[[0.95053375]]
0,[[0.00193933]],[[0.2936324]]
0,[[0.29688683]],[[0.5241296]]
0,[[0.229684]],[[0.1342287]]
0,[[0.19645736]],[[0.6555188]]
0,[[0.4125352]],[[0.4768908]]
1,[[0.8858258]],[[0.89788663]]
1,[[0.77953714]],[[0.2936324]]
0,[[0.03144538]],[[0.23023778]]
1,[[0.57626903]],[[0.5768877]]
0,[[0.27589998]],[[0.2936324]]
0,[[0.00713992]],[[0.42365944]]
1,[[0.89890736]],[[0.29016513]]
1,[[0.4336335]],[[0.9594703]]
0,[[0.88302577]],[[0.66404533]]
0,[[0.0087797]],[[0.2936324]]
0,[[0.00360057]],[[0.47647506]]
0,[[0.5317884]],[[0.23023778]]
0,[[0.0018872]],[[0.52638304]]
1,[[0.9584056]],[[0.7031753]]
1,[[0.9593339]],[[0.8693891]]
0,[[0.00209445]],[[0.2936324]]
1,[[0.9903695]],[[0.7202401]]
0,[[0.03302866]],[[0.2936324]]
0,[[0.00288367]],[[0.2936324]]
1,[[0.71832293]],[[0.81125355]]
1,[[0.7014671]],[[0.41593048]]
0,[[0.13850549]],[[0.5887646]]
0,[[0.5590486]],[[0.23023778]]
0,[[0.49087414]],[[0.8960314]]
1,[[0.98223495]],[[0.9054556]]
1,[[0.6071469]],[[0.42376062]]
1,[[0.6506246]],[[0.86281204]]
1,[[0.5437264]],[[0.8429458]]
1,[[0.42825198]],[[0.2530036]]
1,[[0.99011135]],[[0.23023778]]
0,[[0.00184348]],[[0.27251384]]
1,[[0.41128445]],[[0.7229611]]
0,[[0.0018872]],[[0.27251405]]
1,[[0.3797323]],[[0.2936324]]
0,[[0.55290467]],[[0.32958877]]
1,[[0.98872447]],[[0.43737942]]
0,[[0.00188377]],[[0.42376062]]
1,[[0.05079073]],[[0.31133264]]
0,[[0.26618546]],[[0.2936324]]
0,[[0.12870815]],[[0.23023778]]
0,[[0.053965]],[[0.23023778]]
0,[[0.001937]],[[0.23023778]]
0,[[0.7432106]],[[0.2936324]]
0,[[0.00640363]],[[0.2936324]]
1,[[0.37881392]],[[0.42376062]]
0,[[0.02584434]],[[0.2936324]]
1,[[0.82904804]],[[0.8153267]]
0,[[0.14202034]],[[0.7241211]]
0,[[0.00206655]],[[0.27251405]]
1,[[0.9007007]],[[0.65587175]]
1,[[0.75021416]],[[0.5648572]]
1,[[0.17084166]],[[0.6600324]]
1,[[0.16629955]],[[0.24226329]]
1,[[0.8605741]],[[0.6613666]]
0,[[0.0018872]],[[0.23023778]]
0,[[0.46709254]],[[0.6060186]]
1,[[0.9681328]],[[0.23023778]]
0,[[0.00325301]],[[0.2936324]]
0,[[0.0031575]],[[0.2936324]]
1,[[0.64004916]],[[0.7756307]]
0,[[0.9402651]],[[0.55383456]]
0,[[0.06848517]],[[0.12752748]]
0,[[0.013257]],[[0.7391969]]
0,[[0.00645447]],[[0.22649604]]
0,[[0.00204897]],[[0.23023778]]
0,[[0.01696807]],[[0.2936324]]
0,[[0.02432448]],[[0.23023778]]
1,[[0.38904652]],[[0.27251405]]
0,[[0.00192538]],[[0.2530036]]
0,[[0.13743845]],[[0.28162527]]
0,[[0.0022369]],[[0.23023778]]
0,[[0.00791034]],[[0.4563592]]
0,[[0.00208405]],[[0.2936324]]
0,[[0.38508236]],[[0.46160227]]
1,[[0.48707077]],[[0.6174552]]
1,[[0.660209]],[[0.2936324]]
0,[[0.00292063]],[[0.6081133]]
1,[[0.45390856]],[[0.2936324]]
0,[[0.0018872]],[[0.23023778]]
1,[[0.38969517]],[[0.81142974]]
0,[[0.0018872]],[[0.27251405]]
1,[[0.45047143]],[[0.63412666]]
1,[[0.99316245]],[[0.8525169]]
0,[[0.02944791]],[[0.23023778]]
0,[[0.00649148]],[[0.42376062]]
0,[[0.01093233]],[[0.8579012]]
0,[[0.00188723]],[[0.11918581]]
1,[[0.98230267]],[[0.7653196]]
0,[[0.1267572]],[[0.2936324]]
1,[[0.40930033]],[[0.84003484]]
1,[[0.57884973]],[[0.2936324]]
1,[[0.69146925]],[[0.41593048]]
0,[[0.0020161]],[[0.28499395]]
1,[[0.79229987]],[[0.3313255]]
0,[[0.02552944]],[[0.51974064]]
1,[[0.99050725]],[[0.2859601]]
0,[[0.39489684]],[[0.23023778]]
0,[[0.01762623]],[[0.2936324]]
1,[[0.37110436]],[[0.9410464]]
1,[[0.9948855]],[[0.23023778]]
1,[[0.5254739]],[[0.81142974]]
1,[[0.5345348]],[[0.23023778]]
0,[[0.00193122]],[[0.2936324]]
0,[[0.0024308]],[[0.27251405]]
0,[[0.01574159]],[[0.2936324]]
1,[[0.50584763]],[[0.6008063]]
0,[[0.4521228]],[[0.5768877]]
0,[[0.05468065]],[[0.32137614]]
1,[[0.6881686]],[[0.23023778]]
0,[[0.39283013]],[[0.2936324]]
0,[[0.00186679]],[[0.47647506]]
1,[[0.8310854]],[[0.2936324]]
1,[[0.38966647]],[[0.23023778]]
1,[[0.6872163]],[[0.96813583]]
1,[[0.54087746]],[[0.67373675]]
0,[[0.00189802]],[[0.27251503]]
0,[[0.4409519]],[[0.68776906]]
0,[[0.48603448]],[[0.23023778]]
0,[[0.00189561]],[[0.23023778]]
1,[[0.778257]],[[0.7596462]]
1,[[0.56333065]],[[0.6265003]]
0,[[0.01455617]],[[0.42376062]]
1,[[0.9817369]],[[0.66190034]]
1,[[0.61654925]],[[0.74624634]]
1,[[0.5350266]],[[0.2936324]]
0,[[0.00219029]],[[0.23023778]]
1,[[0.99084604]],[[0.3313255]]
0,[[0.08413279]],[[0.76630455]]
0,[[0.00435215]],[[0.49929142]]
1,[[0.95125526]],[[0.23023778]]
0,[[0.54324406]],[[0.2936324]]
1,[[0.91499233]],[[0.604726]]
1,[[0.41973627]],[[0.5606548]]
0,[[0.25571314]],[[0.47484124]]
0,[[0.01177692]],[[0.5231079]]
1,[[0.95835435]],[[0.47647506]]
1,[[0.9847762]],[[0.9467953]]
1,[[0.13100135]],[[0.7079876]]
0,[[0.6073218]],[[0.42376205]]
1,[[0.3853522]],[[0.23082069]]
1,[[0.5392667]],[[0.5899973]]
1,[[0.93082273]],[[0.2936324]]
1,[[0.00307626]],[[0.26867262]]
0,[[0.0018872]],[[0.6081133]]
1,[[0.64402336]],[[0.2936324]]
0,[[0.85773814]],[[0.23023778]]
0,[[0.04918772]],[[0.20107299]]
0,[[0.00243846]],[[0.15347514]]
1,[[0.8966131]],[[0.2936324]]
0,[[0.07243162]],[[0.49993575]]
0,[[0.00225559]],[[0.6163132]]
0,[[0.23844543]],[[0.2936324]]
0,[[0.4560891]],[[0.6703904]]
1,[[0.8508588]],[[0.23023778]]
1,[[0.59442186]],[[0.6765828]]
0,[[0.0020425]],[[0.2936324]]
1,[[0.45430687]],[[0.31133264]]
0,[[0.34887686]],[[0.6849666]]
0,[[0.5034147]],[[0.2936324]]
0,[[0.21393412]],[[0.2936324]]
1,[[0.0020161]],[[0.2936324]]
0,[[0.00192073]],[[0.23023778]]
0,[[0.10751933]],[[0.4600626]]
1,[[0.01246795]],[[0.46160227]]
0,[[0.00214195]],[[0.55154663]]
1,[[0.7194345]],[[0.47647506]]
0,[[0.85297817]],[[0.9242597]]
1,[[0.9636226]],[[0.63412666]]
1,[[0.6564958]],[[0.87862945]]
0,[[0.00613222]],[[0.2936324]]
1,[[0.9352964]],[[0.27251405]]
1,[[0.6676283]],[[0.57262707]]
0,[[0.01746356]],[[0.45690298]]
1,[[0.5254081]],[[0.4764709]]
0,[[0.00580505]],[[0.2936324]]
0,[[0.00187454]],[[0.11986282]]
0,[[0.00216281]],[[0.2936324]]
1,[[0.42814186]],[[0.5768877]]
1,[[0.5794139]],[[0.6784332]]
0,[[0.07729554]],[[0.23023778]]
0,[[0.3691141]],[[0.27251405]]
0,[[0.31552297]],[[0.66998136]]
0,[[0.42902058]],[[0.23023778]]
1,[[0.6859639]],[[0.428618]]
1,[[0.91675264]],[[0.23023778]]
0,[[0.00184602]],[[0.42376062]]
0,[[0.00389424]],[[0.47647506]]
0,[[0.00190443]],[[0.27251405]]
0,[[0.73286724]],[[0.2936324]]
0,[[0.00193733]],[[0.230237]]
1,[[0.00333646]],[[0.65848464]]
1,[[0.0080359]],[[0.2936324]]
1,[[0.52680457]],[[0.9441936]]
0,[[0.01922959]],[[0.52638304]]
0,[[0.00222972]],[[0.23023778]]
1,[[0.989761]],[[0.3313255]]
1,[[0.3646947]],[[0.47904167]]
1,[[0.43732914]],[[0.8570663]]
0,[[0.00534815]],[[0.8588698]]
1,[[0.25317964]],[[0.9282986]]
1,[[0.926718]],[[0.46160227]]
1,[[0.13612473]],[[0.44825694]]
1,[[0.674909]],[[0.5241296]]
1,[[0.45474568]],[[0.95685387]]
1,[[0.00523734]],[[0.2936324]]
0,[[0.6748406]],[[0.55154663]]
1,[[0.96342534]],[[0.74920183]]
0,[[0.04890645]],[[0.46160227]]
0,[[0.00215501]],[[0.23023778]]
1,[[0.49658713]],[[0.8711133]]
0,[[0.85254705]],[[0.9007688]]
1,[[0.22781953]],[[0.23023906]]
0,[[0.0763444]],[[0.2936324]]
0,[[0.00325656]],[[0.35410762]]
0,[[0.02657264]],[[0.37478626]]
1,[[0.42954415]],[[0.83991575]]
0,[[0.03546602]],[[0.2936324]]
0,[[0.00392911]],[[0.2936324]]
1,[[0.39080018]],[[0.9612531]]
1,[[0.9930523]],[[0.68466854]]
1,[[0.32795367]],[[0.66404533]]
1,[[0.46413362]],[[0.3313255]]
1,[[0.49252084]],[[0.47256035]]
0,[[0.07503617]],[[0.2936324]]
0,[[0.00919357]],[[0.6688567]]
0,[[0.6615608]],[[0.69190806]]
0,[[0.00272918]],[[0.2936324]]
0,[[0.1087887]],[[0.13174543]]
1,[[0.3275368]],[[0.78824747]]
0,[[0.6348189]],[[0.37478673]]
1,[[0.8113321]],[[0.2936324]]
0,[[0.00380072]],[[0.29836422]]
0,[[0.33844072]],[[0.69398135]]
0,[[0.00236815]],[[0.23023778]]
0,[[0.06217042]],[[0.29146993]]
1,[[0.69442916]],[[0.7669095]]
0,[[0.2714125]],[[0.47647506]]
1,[[0.42444617]],[[0.84936166]]
0,[[0.00193721]],[[0.2936324]]
0,[[0.010912]],[[0.2936324]]
1,[[0.91858387]],[[0.9490859]]
0,[[0.05180427]],[[0.62857085]]
0,[[0.00187454]],[[0.23023778]]
0,[[0.0018872]],[[0.7577019]]
0,[[0.00897625]],[[0.4609991]]
0,[[0.01000807]],[[0.27251405]]
1,[[0.65272355]],[[0.47656953]]
0,[[0.42574203]],[[0.681547]]
1,[[0.5388726]],[[0.47115624]]
1,[[0.88219136]],[[0.5768877]]
0,[[0.17746511]],[[0.23023778]]
1,[[0.68531895]],[[0.73825955]]
1,[[0.5318517]],[[0.6787828]]
1,[[0.46655524]],[[0.26040834]]
0,[[0.4264341]],[[0.2936324]]
0,[[0.02071464]],[[0.23023778]]
0,[[0.0018872]],[[0.1342287]]
1,[[0.4547004]],[[0.66317034]]
0,[[0.00188717]],[[0.2936324]]
1,[[0.99517643]],[[0.47647506]]
1,[[0.8168552]],[[0.81142974]]
0,[[0.04742402]],[[0.46160227]]
0,[[0.00465769]],[[0.46160227]]
0,[[0.05736634]],[[0.5136908]]
0,[[0.10362601]],[[0.2936324]]
0,[[0.00694138]],[[0.2936324]]
0,[[0.0018872]],[[0.2936324]]
0,[[0.33440349]],[[0.23023778]]
0,[[0.00190163]],[[0.2936324]]
0,[[0.0018872]],[[0.23023778]]
1,[[0.69815934]],[[0.23023778]]
1,[[0.88402355]],[[0.63412666]]
1,[[0.90130854]],[[0.23023778]]
1,[[0.6017308]],[[0.6974213]]
0,[[0.01693568]],[[0.23023778]]
1,[[0.9097115]],[[0.56729823]]
0,[[0.00222898]],[[0.23023778]]
0,[[0.00801727]],[[0.5309177]]
1,[[0.9730091]],[[0.23023778]]
0,[[0.01012284]],[[0.42376062]]
1,[[0.68787223]],[[0.7311745]]
1,[[0.98761463]],[[0.6849666]]
1,[[0.5692371]],[[0.23023778]]
0,[[0.6672042]],[[0.69169116]]
0,[[0.48231006]],[[0.3313255]]
1,[[0.517576]],[[0.6350063]]
0,[[0.00591105]],[[0.29363266]]
0,[[0.0018872]],[[0.2936324]]
0,[[0.01712793]],[[0.2936324]]
0,[[0.01694638]],[[0.23023778]]
0,[[0.79330003]],[[0.2936324]]
1,[[0.9589273]],[[0.6548864]]
1,[[0.73277926]],[[0.5726263]]
1,[[0.97068393]],[[0.23023778]]
0,[[0.00194165]],[[0.2936324]]
0,[[0.00193739]],[[0.23023778]]
1,[[0.85661817]],[[0.55755985]]
1,[[0.32464415]],[[0.2936324]]
0,[[0.04816389]],[[0.23023778]]
0,[[0.00187454]],[[0.23209274]]
1,[[0.9172962]],[[0.55383456]]
0,[[0.32960927]],[[0.5573834]]
0,[[0.0018872]],[[0.23023778]]
0,[[0.10559937]],[[0.2936324]]
1,[[0.6444177]],[[0.5801734]]
0,[[0.00209752]],[[0.23023778]]
0,[[0.00184602]],[[0.23023778]]
0,[[0.12344721]],[[0.27251405]]
0,[[0.0018872]],[[0.2936324]]
0,[[0.41365582]],[[0.2936324]]
1,[[0.9866234]],[[0.8411091]]
1,[[0.8524995]],[[0.2936324]]
0,[[0.41970548]],[[0.4764751]]
1,[[0.6162904]],[[0.47647506]]
0,[[0.22669256]],[[0.23023778]]
0,[[0.4983111]],[[0.23023778]]
0,[[0.9924017]],[[0.6703904]]
0,[[0.00383765]],[[0.49675328]]
1,[[0.07837757]],[[0.70126826]]
0,[[0.01155132]],[[0.23023778]]
1,[[0.04941151]],[[0.2936324]]
0,[[0.04270393]],[[0.7002819]]
0,[[0.00788134]],[[0.47647506]]
1,[[0.9950208]],[[0.913062]]
0,[[0.00348005]],[[0.7872532]]
1,[[0.9699365]],[[0.9076666]]
0,[[0.05930907]],[[0.5107175]]
0,[[0.0018872]],[[0.2936324]]
0,[[0.2566168]],[[0.29368335]]
0,[[0.00435767]],[[0.2936324]]
0,[[0.45942122]],[[0.65467167]]
0,[[0.00188726]],[[0.23023778]]
0,[[0.4119226]],[[0.23023778]]
1,[[0.97447544]],[[0.60747087]]
1,[[0.8467432]],[[0.94291407]]
0,[[0.00185847]],[[0.23023778]]
0,[[0.03695962]],[[0.2936324]]
0,[[0.03265333]],[[0.23023778]]
0,[[0.00194195]],[[0.27251405]]
0,[[0.00747958]],[[0.6128915]]
0,[[0.00761542]],[[0.2936324]]
0,[[0.00392503]],[[0.23023778]]
0,[[0.00187454]],[[0.47008142]]
1,[[0.7861111]],[[0.47039658]]
0,[[0.0018872]],[[0.23023778]]
0,[[0.00187454]],[[0.20582217]]
1,[[0.25591877]],[[0.5808366]]
1,[[0.5919175]],[[0.9307872]]
0,[[0.321577]],[[0.55154663]]
1,[[0.87004334]],[[0.5610286]]
1,[[0.38258606]],[[0.5768877]]
0,[[0.00188881]],[[0.27251405]]
0,[[0.07692128]],[[0.5624867]]
0,[[0.67875093]],[[0.2936324]]
0,[[0.0018872]],[[0.33165115]]
1,[[0.7786484]],[[0.23023817]]
0,[[0.0018872]],[[0.23023802]]
0,[[0.00322425]],[[0.2936324]]
0,[[0.98412704]],[[0.57920897]]
0,[[0.8403288]],[[0.2936324]]
0,[[0.00193739]],[[0.2936324]]
1,[[0.5279221]],[[0.5768877]]
0,[[0.00254127]],[[0.2936324]]
0,[[0.00282124]],[[0.67342854]]
0,[[0.02696291]],[[0.59065956]]
0,[[0.00193802]],[[0.23023778]]
1,[[0.03021768]],[[0.42376062]]
0,[[0.24309087]],[[0.2936324]]
0,[[0.01463604]],[[0.52638304]]
0,[[0.00209305]],[[0.22750553]]
0,[[0.0212855]],[[0.23023778]]
0,[[0.00227046]],[[0.23023778]]
1,[[0.4064224]],[[0.3653661]]
0,[[0.00768042]],[[0.23023778]]
1,[[0.9793801]],[[0.23023778]]
0,[[0.0018872]],[[0.20153594]]
1,[[0.4717796]],[[0.9442761]]
0,[[0.04830378]],[[0.60499954]]
0,[[0.00258631]],[[0.5355618]]
0,[[0.9540709]],[[0.658422]]
0,[[0.64976746]],[[0.23023778]]
0,[[0.0033721]],[[0.557523]]
0,[[0.03469825]],[[0.23023778]]
0,[[0.9811679]],[[0.91810834]]
0,[[0.0018872]],[[0.2936324]]
1,[[0.9948972]],[[0.91353744]]
1,[[0.04967615]],[[0.47039658]]
1,[[0.39788508]],[[0.23024085]]
0,[[0.00204828]],[[0.2936324]]
0,[[0.99158895]],[[0.86783147]]
0,[[0.00179285]],[[0.23023778]]
0,[[0.8788928]],[[0.2936324]]
1,[[0.96935433]],[[0.73636883]]
0,[[0.14351755]],[[0.2936324]]
0,[[0.0018872]],[[0.11986282]]
0,[[0.9679995]],[[0.27251405]]
0,[[0.02352035]],[[0.6124333]]
0,[[0.43661198]],[[0.47647506]]
0,[[0.00699094]],[[0.2936324]]
0,[[0.00255194]],[[0.3313255]]
0,[[0.19135576]],[[0.81648535]]
1,[[0.97442126]],[[0.9162831]]
0,[[0.96928227]],[[0.617774]]
0,[[0.04740903]],[[0.63843685]]
0,[[0.00190488]],[[0.2936324]]
1,[[0.38945565]],[[0.2936324]]
1,[[0.9784291]],[[0.2936324]]
0,[[0.04993168]],[[0.2304689]]
1,[[0.81230056]],[[0.2936324]]
0,[[0.0018872]],[[0.27251405]]
1,[[0.44181892]],[[0.42376062]]
1,[[0.51738435]],[[0.7493843]]
0,[[0.0018872]],[[0.23023778]]
1,[[0.9823721]],[[0.5768877]]
1,[[0.99509764]],[[0.2936324]]
1,[[0.24658024]],[[0.66888505]]
0,[[0.556167]],[[0.7367593]]
0,[[0.00193739]],[[0.27251405]]
1,[[0.49830532]],[[0.5635303]]
0,[[0.3834031]],[[0.2936324]]
0,[[0.5053944]],[[0.3313255]]
0,[[0.0046761]],[[0.23023778]]
1,[[0.9938278]],[[0.92924654]]
1,[[0.55036706]],[[0.23023778]]
0,[[0.00184608]],[[0.20153594]]
1,[[0.5325339]],[[0.40320554]]
1,[[0.5510101]],[[0.90429926]]
0,[[0.00499865]],[[0.22586375]]
1,[[0.54841495]],[[0.7646402]]
0,[[0.00204903]],[[0.42376062]]
0,[[0.60977054]],[[0.8997929]]
0,[[0.6335299]],[[0.626129]]
1,[[0.00305578]],[[0.42376062]]
1,[[0.9447908]],[[0.23023778]]
0,[[0.0018872]],[[0.27256128]]
0,[[0.0622839]],[[0.23023778]]
0,[[0.01005468]],[[0.52638304]]
1,[[0.11420882]],[[0.68428123]]
0,[[0.00185847]],[[0.23023778]]
1,[[0.41472608]],[[0.66010815]]
0,[[0.10826293]],[[0.62492377]]
0,[[0.0060496]],[[0.2936324]]
0,[[0.01215225]],[[0.2936324]]
1,[[0.42151076]],[[0.69755536]]
1,[[0.97826904]],[[0.3313255]]
0,[[0.00335866]],[[0.2936324]]
0,[[0.03983125]],[[0.2936324]]
1,[[0.43246835]],[[0.5147837]]
1,[[0.5800117]],[[0.2936324]]
1,[[0.76488435]],[[0.5309177]]
1,[[0.7482514]],[[0.6018088]]
1,[[0.3721515]],[[0.9331519]]
0,[[0.00193739]],[[0.43052587]]
0,[[0.2370334]],[[0.27251405]]
0,[[0.54766244]],[[0.677691]]
0,[[0.20357907]],[[0.87448907]]
1,[[0.9754533]],[[0.5768877]]
1,[[0.5581784]],[[0.9310857]]
0,[[0.04839328]],[[0.47647506]]
1,[[0.93142235]],[[0.5542586]]
0,[[0.00264496]],[[0.42376062]]
0,[[0.00187454]],[[0.23023778]]
0,[[0.03059474]],[[0.27251405]]
1,[[0.10046899]],[[0.23023778]]
1,[[0.63679117]],[[0.2936324]]
1,[[0.9757119]],[[0.2936324]]
0,[[0.15106446]],[[0.2936324]]
1,[[0.9345441]],[[0.84936166]]
1,[[0.49827182]],[[0.2936324]]
0,[[0.00273326]],[[0.23023778]]
0,[[0.30639654]],[[0.52638304]]
0,[[0.3778642]],[[0.2936324]]
1,[[0.35679847]],[[0.6914371]]
0,[[0.00322211]],[[0.52638304]]
1,[[0.28616732]],[[0.31581932]]
0,[[0.23977762]],[[0.2408058]]
1,[[0.7792283]],[[0.5768877]]
1,[[0.3871548]],[[0.95615065]]
1,[[0.750275]],[[0.62903714]]
1,[[0.0302512]],[[0.66748804]]
0,[[0.00188822]],[[0.23023778]]
1,[[0.9890864]],[[0.23023778]]
0,[[0.00307217]],[[0.23023778]]
0,[[0.01696077]],[[0.37478673]]
0,[[0.00303429]],[[0.27251405]]
1,[[0.89463246]],[[0.9123455]]
0,[[0.49788135]],[[0.5861412]]
0,[[0.38558543]],[[0.668399]]
0,[[0.00195765]],[[0.6469472]]
0,[[0.00298229]],[[0.23023686]]
1,[[0.00713158]],[[0.23023778]]
1,[[0.9823835]],[[0.74045134]]
1,[[0.00208649]],[[0.2936324]]
0,[[0.00205889]],[[0.2936324]]
0,[[0.0019196]],[[0.2936324]]
0,[[0.1960564]],[[0.23023778]]
0,[[0.00335279]],[[0.2936324]]
1,[[0.00404543]],[[0.2936324]]
0,[[0.48552424]],[[0.44092464]]
1,[[0.92991257]],[[0.9435393]]
0,[[0.00209677]],[[0.20094988]]
0,[[0.0027104]],[[0.27251405]]
1,[[0.67417777]],[[0.27251405]]
1,[[0.17852005]],[[0.2530036]]
0,[[0.00584823]],[[0.63438773]]
1,[[0.9589522]],[[0.2936324]]
0,[[0.4882356]],[[0.7331018]]
0,[[0.3213166]],[[0.23023778]]
0,[[0.0018872]],[[0.2936324]]
0,[[0.42411572]],[[0.55383456]]
1,[[0.44123855]],[[0.97238284]]
0,[[0.27054685]],[[0.51529485]]
0,[[0.00447947]],[[0.20107299]]
0,[[0.45776328]],[[0.66396195]]
0,[[0.00836861]],[[0.7255368]]
0,[[0.00234473]],[[0.3313255]]
0,[[0.06045192]],[[0.938425]]
0,[[0.0018872]],[[0.09491438]]
0,[[0.02024209]],[[0.695694]]
1,[[0.7461503]],[[0.2530036]]
1,[[0.80229944]],[[0.5768877]]
0,[[0.02232558]],[[0.23023778]]
0,[[0.00267184]],[[0.23023778]]
1,[[0.6271522]],[[0.67862576]]
1,[[0.96759504]],[[0.78424305]]
0,[[0.13087624]],[[0.42376062]]
1,[[0.98801434]],[[0.7485234]]
0,[[0.00374687]],[[0.23023778]]
1,[[0.86671555]],[[0.78669596]]
0,[[0.00188124]],[[0.2936324]]
1,[[0.9830856]],[[0.8522365]]
0,[[0.00772059]],[[0.2936324]]
0,[[0.00726449]],[[0.23023778]]
0,[[0.4211586]],[[0.42376062]]
1,[[0.00891334]],[[0.23023778]]
0,[[0.13171497]],[[0.23023778]]
1,[[0.8404584]],[[0.33202648]]
0,[[0.00244129]],[[0.25015867]]
1,[[0.8577013]],[[0.7470354]]
0,[[0.0018872]],[[0.72021365]]
1,[[0.94623554]],[[0.81142974]]
1,[[0.1459901]],[[0.78824806]]
0,[[0.0019086]],[[0.46160227]]
0,[[0.9304131]],[[0.69188404]]
0,[[0.49340644]],[[0.27251425]]
1,[[0.07717624]],[[0.23023778]]
0,[[0.0913952]],[[0.2936324]]
0,[[0.0018872]],[[0.27251405]]
0,[[0.39292008]],[[0.2936324]]
0,[[0.06890389]],[[0.47647506]]
0,[[0.00289175]],[[0.2936324]]
1,[[0.4993481]],[[0.23023778]]
1,[[0.9394198]],[[0.7642771]]
0,[[0.00358486]],[[0.2936324]]
1,[[0.8993895]],[[0.2936324]]
0,[[0.05013576]],[[0.2936324]]
1,[[0.7075144]],[[0.95617044]]
0,[[0.00219816]],[[0.66619587]]
1,[[0.49552107]],[[0.41593048]]
0,[[0.49831116]],[[0.23023778]]
0,[[0.00507244]],[[0.27251405]]
1,[[0.01844752]],[[0.5667106]]
0,[[0.24530992]],[[0.5801734]]
1,[[0.8683164]],[[0.3313255]]
0,[[0.00910097]],[[0.46160227]]
0,[[0.6291079]],[[0.19243318]]
0,[[0.00367934]],[[0.23023778]]
1,[[0.07560322]],[[0.69316554]]
1,[[0.6497698]],[[0.2936324]]
0,[[0.00998643]],[[0.2936324]]
0,[[0.06955618]],[[0.23023778]]
0,[[0.00495329]],[[0.2936324]]
0,[[0.00209811]],[[0.3313255]]
1,[[0.31391758]],[[0.9198241]]
0,[[0.00677115]],[[0.6951147]]
1,[[0.28679538]],[[0.7079876]]
0,[[0.0018872]],[[0.2936324]]
0,[[0.19858918]],[[0.2936324]]
0,[[0.00234041]],[[0.23023778]]
0,[[0.0018872]],[[0.23023778]]
0,[[0.02587295]],[[0.23023778]]
0,[[0.00193739]],[[0.16755876]]
0,[[0.0025813]],[[0.5743466]]
0,[[0.00209683]],[[0.2936324]]
1,[[0.5609407]],[[0.89990115]]
1,[[0.48990405]],[[0.6244764]]
1,[[0.98061466]],[[0.2936324]]
0,[[0.54798603]],[[0.19243318]]
0,[[0.473261]],[[0.2936324]]
0,[[0.01052222]],[[0.8090752]]
0,[[0.00722837]],[[0.27251405]]
0,[[0.0018872]],[[0.23023778]]
0,[[0.00530031]],[[0.23023778]]
1,[[0.86008286]],[[0.5520644]]
0,[[0.00242701]],[[0.52638304]]
1,[[0.7520118]],[[0.65467167]]
0,[[0.00403577]],[[0.6050769]]
0,[[0.00273466]],[[0.2936324]]
1,[[0.45587087]],[[0.26085615]]
0,[[0.00210345]],[[0.23023778]]
1,[[0.85573936]],[[0.83423686]]
0,[[0.00209665]],[[0.23023778]]
1,[[0.68626064]],[[0.93434477]]
0,[[0.00215036]],[[0.27251405]]
1,[[0.1430353]],[[0.557523]]
1,[[0.02562916]],[[0.2592774]]
0,[[0.00193346]],[[0.47039658]]
0,[[0.11257428]],[[0.23024464]]
1,[[0.6825862]],[[0.55154645]]
1,[[0.8632525]],[[0.22773534]]
1,[[0.28233677]],[[0.2936324]]
1,[[0.9878944]],[[0.95252454]]
0,[[0.02828202]],[[0.2936324]]
0,[[0.1202904]],[[0.2936324]]
1,[[0.9827385]],[[0.23023778]]
1,[[0.9952941]],[[0.81698966]]
0,[[0.00193655]],[[0.23023778]]
1,[[0.09645909]],[[0.63412666]]
0,[[0.0018872]],[[0.27150816]]
1,[[0.926162]],[[0.8920622]]
0,[[0.3322313]],[[0.2936738]]
0,[[0.00518513]],[[0.2936324]]
0,[[0.00222501]],[[0.23023778]]
1,[[0.8724468]],[[0.8406812]]
0,[[0.0019336]],[[0.55154663]]
0,[[0.03153059]],[[0.2936324]]
0,[[0.00264674]],[[0.461602]]
0,[[0.05180427]],[[0.62857085]]
1,[[0.99322927]],[[0.2936324]]
1,[[0.9961476]],[[0.23023778]]
1,[[0.7858654]],[[0.72823215]]
0,[[0.5682127]],[[0.23023778]]
1,[[0.49658522]],[[0.2936324]]
1,[[0.9863819]],[[0.862767]]
1,[[0.38459957]],[[0.55154663]]
0,[[0.11083642]],[[0.2936324]]
1,[[0.23839098]],[[0.2936324]]
0,[[0.00247467]],[[0.39570323]]
1,[[0.4488558]],[[0.23023781]]
0,[[0.12911057]],[[0.26347035]]
1,[[0.5170657]],[[0.5801734]]
1,[[0.20501634]],[[0.47647506]]
1,[[0.7577244]],[[0.47647506]]
1,[[0.99221504]],[[0.70274365]]
0,[[0.39033362]],[[0.2936324]]
0,[[0.19631967]],[[0.2936324]]
0,[[0.25415522]],[[0.2936324]]
1,[[0.61140496]],[[0.23023778]]
1,[[0.4012204]],[[0.23023778]]
1,[[0.50526965]],[[0.55154663]]
1,[[0.9857562]],[[0.23023778]]
1,[[0.47137013]],[[0.42618412]]
1,[[0.37781504]],[[0.2936324]]
1,[[0.4265347]],[[0.6918059]]
1,[[0.89436483]],[[0.64436764]]
0,[[0.00206316]],[[0.46711534]]
1,[[0.9441134]],[[0.63208824]]
0,[[0.00371557]],[[0.9023044]]
0,[[0.9489322]],[[0.23023778]]
0,[[0.34637493]],[[0.6935543]]
0,[[0.13773397]],[[0.23023778]]
0,[[0.07779086]],[[0.27088284]]
1,[[0.3567122]],[[0.47647506]]
1,[[0.9746312]],[[0.73027414]]
0,[[0.03742698]],[[0.42376062]]
0,[[0.50979835]],[[0.47960752]]
0,[[0.07610554]],[[0.30976346]]
0,[[0.00193253]],[[0.23023778]]
1,[[0.9930155]],[[0.44825712]]
1,[[0.9838233]],[[0.68320733]]
1,[[0.95657694]],[[0.23023778]]
1,[[0.4059358]],[[0.5805102]]
1,[[0.50230914]],[[0.2936324]]
1,[[0.9335709]],[[0.81698966]]
1,[[0.41352108]],[[0.695953]]
1,[[0.45938283]],[[0.23023778]]
1,[[0.9688536]],[[0.5768877]]
1,[[0.9959222]],[[0.47647506]]
0,[[0.00413325]],[[0.23023778]]
0,[[0.00188118]],[[0.23023778]]
0,[[0.0018872]],[[0.23023778]]
0,[[0.00189117]],[[0.27254036]]
1,[[0.98599887]],[[0.764674]]
0,[[0.02281705]],[[0.23023778]]
0,[[0.00187454]],[[0.1819377]]
0,[[0.00184602]],[[0.42376062]]
0,[[0.06584701]],[[0.48883846]]
0,[[0.30096856]],[[0.7881923]]
1,[[0.4287364]],[[0.56183547]]
1,[[0.99728346]],[[0.81142974]]
1,[[0.01874894]],[[0.2936324]]
1,[[0.6740402]],[[0.23023778]]
0,[[0.32249802]],[[0.2936324]]
0,[[0.00207108]],[[0.2936324]]
1,[[0.87531185]],[[0.92671597]]
0,[[0.62992847]],[[0.2936324]]
1,[[0.99122065]],[[0.8588698]]
1,[[0.77973974]],[[0.2936324]]
0,[[0.28588766]],[[0.23023778]]
0,[[0.0018872]],[[0.23023778]]
1,[[0.12469035]],[[0.5768877]]
0,[[0.12584752]],[[0.2530036]]
1,[[0.9393384]],[[0.44825712]]
1,[[0.6354949]],[[0.6377003]]
0,[[0.8397707]],[[0.72785145]]
0,[[0.00187081]],[[0.6081133]]
0,[[0.00188765]],[[0.23209274]]
1,[[0.78641415]],[[0.63412666]]
0,[[0.00209424]],[[0.2936324]]
1,[[0.53475785]],[[0.44825712]]
0,[[0.13981608]],[[0.3313255]]
1,[[0.18992084]],[[0.47718444]]
1,[[0.17061132]],[[0.2936324]]
0,[[0.09366292]],[[0.23023778]]
1,[[0.9959078]],[[0.93729174]]
0,[[0.00220999]],[[0.23023778]]
0,[[0.14735305]],[[0.42376062]]
0,[[0.00809821]],[[0.49107206]]
0,[[0.00378674]],[[0.5765094]]
0,[[0.11213699]],[[0.4705131]]
0,[[0.00209677]],[[0.6711704]]
0,[[0.01997322]],[[0.2936324]]
1,[[0.44869977]],[[0.64158934]]
1,[[0.812912]],[[0.646949]]
0,[[0.00312632]],[[0.76714563]]
1,[[0.6475576]],[[0.29437292]]
0,[[0.0018872]],[[0.23023778]]
1,[[0.95200336]],[[0.5768877]]
0,[[0.0030725]],[[0.23023778]]
1,[[0.9685916]],[[0.23023778]]
0,[[0.08788022]],[[0.2936882]]
1,[[0.9312233]],[[0.2936324]]
1,[[0.95213634]],[[0.2936324]]
1,[[0.98294926]],[[0.695476]]
1,[[0.12828764]],[[0.23023778]]
0,[[0.00230968]],[[0.23023778]]
0,[[0.00196752]],[[0.5983424]]
0,[[0.4484889]],[[0.2936324]]
0,[[0.616883]],[[0.55755985]]
1,[[0.4863322]],[[0.6539761]]
0,[[0.04142359]],[[0.2936324]]
0,[[0.01317134]],[[0.2936324]]
1,[[0.35901785]],[[0.70853317]]
1,[[0.9827385]],[[0.23023778]]
0,[[0.60273534]],[[0.63412666]]
1,[[0.98945165]],[[0.23023996]]
0,[[0.0018872]],[[0.2936324]]
1,[[0.47255817]],[[0.2936324]]
0,[[0.00188658]],[[0.2936324]]
1,[[0.9920502]],[[0.6711704]]
1,[[0.5720294]],[[0.27251405]]
0,[[0.3258178]],[[0.2936324]]
0,[[0.15676922]],[[0.5768877]]
1,[[0.28607088]],[[0.44825712]]
1,[[0.9814849]],[[0.34802404]]
0,[[0.40919247]],[[0.2936324]]
1,[[0.9916885]],[[0.55383456]]
1,[[0.32456002]],[[0.92856747]]
0,[[0.10329887]],[[0.2936324]]
0,[[0.00275895]],[[0.23023778]]
1,[[0.47268876]],[[0.47647506]]
1,[[0.31192744]],[[0.2936324]]
1,[[0.49934813]],[[0.23023778]]
0,[[0.00544816]],[[0.23023778]]
0,[[0.48230532]],[[0.48842213]]
0,[[0.0049046]],[[0.2936324]]
1,[[0.92530394]],[[0.23023778]]
0,[[0.18577427]],[[0.5768877]]
0,[[0.4496821]],[[0.42376062]]
0,[[0.41964453]],[[0.6630689]]
1,[[0.5205703]],[[0.9145111]]
1,[[0.9771451]],[[0.5768877]]
0,[[0.00193739]],[[0.6008063]]
0,[[0.10542154]],[[0.2936324]]
1,[[0.98767304]],[[0.23023778]]
0,[[0.00687939]],[[0.2936324]]
0,[[0.0026015]],[[0.11918581]]
0,[[0.16529953]],[[0.2936324]]
0,[[0.21517006]],[[0.23023778]]
1,[[0.39757767]],[[0.3480237]]
1,[[0.2666551]],[[0.92165023]]
0,[[0.07551315]],[[0.23023778]]
1,[[0.9903739]],[[0.89317966]]
0,[[0.00185847]],[[0.2936324]]
0,[[0.00187454]],[[0.23023778]]
0,[[0.00245482]],[[0.23023778]]
1,[[0.5477973]],[[0.5768877]]
0,[[0.00245064]],[[0.16755876]]
0,[[0.2540395]],[[0.5768877]]
0,[[0.0018872]],[[0.20153594]]
1,[[0.11602953]],[[0.68056005]]
0,[[0.00625628]],[[0.47647506]]
0,[[0.00294226]],[[0.2936324]]
1,[[0.9355083]],[[0.6350063]]
1,[[0.48850003]],[[0.37478673]]
1,[[0.9867289]],[[0.23023778]]
1,[[0.9831206]],[[0.65467167]]
1,[[0.8073672]],[[0.1819377]]
1,[[0.46984535]],[[0.5768877]]
1,[[0.9919973]],[[0.73359627]]
1,[[0.9913459]],[[0.23023778]]
0,[[0.0457578]],[[0.23023778]]
0,[[0.00225002]],[[0.23023778]]
0,[[0.44949287]],[[0.5768877]]
0,[[0.21037027]],[[0.37478673]]
0,[[0.63887185]],[[0.2936324]]
0,[[0.4097401]],[[0.50806]]
1,[[0.9844979]],[[0.29422376]]
1,[[0.97501856]],[[0.8696624]]
0,[[0.6048385]],[[0.54739183]]
0,[[0.340618]],[[0.67735803]]
1,[[0.98581]],[[0.8602401]]
0,[[0.42874032]],[[0.5768877]]
1,[[0.37985885]],[[0.7104355]]
1,[[0.45203346]],[[0.6680517]]
1,[[0.52798426]],[[0.7311745]]
0,[[0.02442178]],[[0.3313255]]
0,[[0.9124396]],[[0.47647506]]
1,[[0.9904797]],[[0.7537378]]
1,[[0.42682678]],[[0.55755985]]
0,[[0.00193229]],[[0.2530036]]
1,[[0.790618]],[[0.23023778]]
1,[[0.9814929]],[[0.9424314]]
0,[[0.00241935]],[[0.5993008]]
0,[[0.00188121]],[[0.2936324]]
1,[[0.8472498]],[[0.2936324]]
1,[[0.78843725]],[[0.7833549]]
0,[[0.2877969]],[[0.2530036]]
0,[[0.00320157]],[[0.23023778]]
0,[[0.9927633]],[[0.66552734]]
0,[[0.0193674]],[[0.2936324]]
0,[[0.03789076]],[[0.7160274]]
1,[[0.96672446]],[[0.74427813]]
0,[[0.00905892]],[[0.23023778]]
0,[[0.4823101]],[[0.23503318]]
1,[[0.88121355]],[[0.74018675]]
0,[[0.00183606]],[[0.23023778]]
0,[[0.49088416]],[[0.27251405]]
1,[[0.45476374]],[[0.57262707]]
0,[[0.00993764]],[[0.3313255]]
0,[[0.04356855]],[[0.2936324]]
1,[[0.9102851]],[[0.8264713]]
1,[[0.5860933]],[[0.95686185]]
0,[[0.08318159]],[[0.2936324]]
1,[[0.61372423]],[[0.2936324]]
1,[[0.12392479]],[[0.27251405]]
0,[[0.0018872]],[[0.23023778]]
1,[[0.9002998]],[[0.23023778]]
0,[[0.75319123]],[[0.28639585]]
0,[[0.00303504]],[[0.2936324]]
1,[[0.22930413]],[[0.9369881]]
0,[[0.40504766]],[[0.82342935]]
1,[[0.7635056]],[[0.23023778]]
0,[[0.00845364]],[[0.68144554]]
0,[[0.1962755]],[[0.2936324]]
0,[[0.44023168]],[[0.2936324]]
0,[[0.00253934]],[[0.2936324]]
0,[[0.0018872]],[[0.23023778]]
0,[[0.00329867]],[[0.2936324]]
0,[[0.0020161]],[[0.42376062]]
0,[[0.15195066]],[[0.6914371]]
0,[[0.0018872]],[[0.23023778]]
1,[[0.9530888]],[[0.8932842]]
0,[[0.00193644]],[[0.27217025]]
0,[[0.88492966]],[[0.23023778]]
1,[[0.9908287]],[[0.2936324]]
0,[[0.20656562]],[[0.23023778]]
0,[[0.0538353]],[[0.2936324]]
1,[[0.5251586]],[[0.76849496]]
0,[[0.03953651]],[[0.23023778]]
1,[[0.89487445]],[[0.23023778]]
1,[[0.882791]],[[0.23023778]]
0,[[0.67832625]],[[0.8588698]]
0,[[0.02897224]],[[0.2936324]]
1,[[0.40149805]],[[0.2936324]]
0,[[0.06473568]],[[0.27251405]]
1,[[0.62148076]],[[0.2936324]]
0,[[0.04263121]],[[0.33409792]]
1,[[0.84251475]],[[0.7149384]]
0,[[0.09676728]],[[0.23023778]]
1,[[0.7663272]],[[0.55755985]]
1,[[0.9680359]],[[0.78424305]]
1,[[0.6405834]],[[0.23023778]]
1,[[0.70911086]],[[0.5538295]]
0,[[0.08313319]],[[0.7130092]]
0,[[0.87059057]],[[0.34802404]]
1,[[0.59855086]],[[0.23023778]]
1,[[0.9893472]],[[0.93914497]]
0,[[0.00193772]],[[0.5768877]]
1,[[0.9931773]],[[0.73960245]]
0,[[0.12516695]],[[0.47647506]]
1,[[0.5232994]],[[0.8235085]]
1,[[0.00467724]],[[0.27251405]]
0,[[0.00309598]],[[0.2936324]]
0,[[0.14536503]],[[0.23023778]]
0,[[0.1087392]],[[0.55755985]]
1,[[0.9755227]],[[0.94547284]]
0,[[0.05982247]],[[0.2936324]]
0,[[0.46370554]],[[0.42376062]]
1,[[0.48639503]],[[0.23023778]]
1,[[0.36230394]],[[0.7616285]]
1,[[0.45459834]],[[0.3313255]]
1,[[0.56460375]],[[0.6613134]]
1,[[0.5092216]],[[0.74919724]]
1,[[0.93325794]],[[0.5241296]]
0,[[0.41451436]],[[0.9145221]]
1,[[0.31379542]],[[0.27251405]]
0,[[0.01217473]],[[0.23023778]]
1,[[0.48228672]],[[0.2936324]]
0,[[0.03331697]],[[0.46160227]]
1,[[0.99360204]],[[0.2936324]]
0,[[0.4138198]],[[0.2936324]]
0,[[0.00188118]],[[0.47647506]]
1,[[0.01461011]],[[0.23023778]]
1,[[0.51943797]],[[0.6481205]]
1,[[0.47608235]],[[0.3329533]]
0,[[0.53225476]],[[0.2936324]]
0,[[0.00598377]],[[0.42376062]]
0,[[0.0018872]],[[0.23023778]]
1,[[0.64943373]],[[0.2936324]]
1,[[0.4957778]],[[0.2530036]]
1,[[0.91992056]],[[0.92489564]]
0,[[0.19541395]],[[0.23023778]]
1,[[0.6144854]],[[0.9624268]]
1,[[0.56827986]],[[0.2936324]]
0,[[0.03016764]],[[0.2936324]]
1,[[0.5284403]],[[0.2530036]]
0,[[0.72306603]],[[0.2936324]]
0,[[0.99416184]],[[0.8494928]]
0,[[0.4980778]],[[0.8113271]]
0,[[0.00188616]],[[0.23503318]]
0,[[0.81808484]],[[0.23023778]]
0,[[0.00249261]],[[0.2936324]]
0,[[0.00862971]],[[0.54821515]]
0,[[0.0018872]],[[0.42376062]]
0,[[0.0231548]],[[0.2936324]]
0,[[0.00256765]],[[0.2936324]]
1,[[0.65533197]],[[0.7278601]]
0,[[0.6392881]],[[0.5309177]]
0,[[0.01433322]],[[0.50639915]]
1,[[0.00727406]],[[0.2936324]]
0,[[0.00228742]],[[0.18972048]]
1,[[0.95584923]],[[0.6659202]]
1,[[0.2864982]],[[0.2936324]]
0,[[0.8828814]],[[0.94916546]]
1,[[0.99395645]],[[0.8572951]]
0,[[0.0018872]],[[0.17816803]]
0,[[0.0019697]],[[0.2936324]]
1,[[0.24024504]],[[0.2936324]]
0,[[0.06129915]],[[0.27251077]]
1,[[0.79755545]],[[0.4237928]]
0,[[0.4292106]],[[0.47647506]]
1,[[0.9862137]],[[0.6688547]]
0,[[0.07239819]],[[0.6562476]]
1,[[0.5170651]],[[0.2936326]]
0,[[0.00245795]],[[0.55383456]]
0,[[0.6497774]],[[0.55383456]]
0,[[0.09295142]],[[0.27251405]]
1,[[0.04071841]],[[0.2936324]]
1,[[0.35709667]],[[0.646949]]
0,[[0.16229364]],[[0.84566283]]
1,[[0.4700205]],[[0.23023778]]
0,[[0.45944062]],[[0.7687481]]
0,[[0.71170676]],[[0.57262707]]
1,[[0.44529676]],[[0.2936324]]
1,[[0.5314293]],[[0.23042393]]
0,[[0.00495702]],[[0.24288306]]
1,[[0.9429694]],[[0.79702485]]
0,[[0.0051859]],[[0.23023778]]
0,[[0.00201729]],[[0.6872065]]
0,[[0.00741458]],[[0.23023778]]
1,[[0.98193574]],[[0.63412666]]
0,[[0.00185844]],[[0.42376062]]
0,[[0.0018872]],[[0.2936324]]
1,[[0.41544876]],[[0.55383456]]
0,[[0.02387688]],[[0.39449036]]
1,[[0.6545801]],[[0.87111264]]
0,[[0.0018872]],[[0.27922475]]
0,[[0.42478383]],[[0.23209274]]
1,[[0.12232801]],[[0.69210315]]
0,[[0.08149526]],[[0.27251405]]
1,[[0.62898785]],[[0.2936324]]
1,[[0.45525694]],[[0.23023778]]
0,[[0.03209978]],[[0.6894334]]
1,[[0.98970354]],[[0.8603611]]
0,[[0.00193605]],[[0.23023778]]
0,[[0.00470531]],[[0.23023778]]
1,[[0.9953373]],[[0.23023778]]
0,[[0.00449026]],[[0.23023778]]
0,[[0.19760853]],[[0.27251405]]
0,[[0.57178855]],[[0.2936324]]
1,[[0.96951413]],[[0.23023778]]
0,[[0.01649016]],[[0.2936324]]
0,[[0.48959792]],[[0.42299274]]
0,[[0.00250009]],[[0.11763847]]
0,[[0.00246006]],[[0.23023778]]
0,[[0.12363234]],[[0.47647506]]
1,[[0.6687133]],[[0.66404533]]
1,[[0.66061646]],[[0.23023778]]
0,[[0.9488107]],[[0.77155614]]
0,[[0.0018872]],[[0.23209274]]
0,[[0.16304252]],[[0.1198552]]
0,[[0.5942545]],[[0.5987851]]
0,[[0.0023419]],[[0.47599325]]
1,[[0.40776846]],[[0.6849666]]
0,[[0.00188714]],[[0.16755873]]
0,[[0.31701684]],[[0.4860925]]
0,[[0.00187454]],[[0.27251405]]
1,[[0.43539727]],[[0.2530061]]
1,[[0.992509]],[[0.7237638]]
0,[[0.00617936]],[[0.1819377]]
0,[[0.00231943]],[[0.23023778]]
1,[[0.67874503]],[[0.6635965]]
0,[[0.02673665]],[[0.2936324]]
1,[[0.99259245]],[[0.2936324]]
1,[[0.62618005]],[[0.5801734]]
0,[[0.00204903]],[[0.23023778]]
0,[[0.00433844]],[[0.2250674]]
1,[[0.08067027]],[[0.2936324]]
0,[[0.7839522]],[[0.7312364]]
0,[[0.00335327]],[[0.2936324]]
0,[[0.02426362]],[[0.48883846]]
0,[[0.01925847]],[[0.68273103]]
1,[[0.5219183]],[[0.23023778]]
0,[[0.5575081]],[[0.6688583]]
1,[[0.02459651]],[[0.20138898]]
0,[[0.40255234]],[[0.9172241]]
0,[[0.46131927]],[[0.2936324]]
1,[[0.98907644]],[[0.2530036]]
1,[[0.4520431]],[[0.6849666]]
1,[[0.5776953]],[[0.2936324]]
0,[[0.02044773]],[[0.44825712]]
0,[[0.00193122]],[[0.23023778]]
0,[[0.05792713]],[[0.85702753]]
0,[[0.9901959]],[[0.52638304]]
0,[[0.01195228]],[[0.23209217]]
0,[[0.0018872]],[[0.20107299]]
0,[[0.0018872]],[[0.23023778]]
1,[[0.8585475]],[[0.7623669]]
1,[[0.45203367]],[[0.716766]]
1,[[0.9927399]],[[0.8136374]]
0,[[0.28799087]],[[0.2302404]]
1,[[0.69784313]],[[0.74703616]]
0,[[0.00593728]],[[0.2936324]]
1,[[0.2019211]],[[0.76496315]]
1,[[0.67542416]],[[0.2936324]]
1,[[0.75550103]],[[0.47647506]]
1,[[0.4431485]],[[0.935164]]
1,[[0.86956906]],[[0.37478673]]
0,[[0.54948217]],[[0.7596462]]
1,[[0.8365538]],[[0.51529485]]
0,[[0.01156679]],[[0.2936324]]
1,[[0.7267058]],[[0.6539806]]
0,[[0.3942397]],[[0.6247015]]
0,[[0.43744802]],[[0.5624867]]
0,[[0.4374439]],[[0.27251405]]
1,[[0.4164589]],[[0.2936324]]
0,[[0.0021821]],[[0.23023778]]
0,[[0.01425761]],[[0.23023778]]
1,[[0.5804595]],[[0.55755985]]
0,[[0.1046223]],[[0.25015867]]
0,[[0.0018872]],[[0.23023778]]
1,[[0.909718]],[[0.9438751]]
0,[[0.69478965]],[[0.6594516]]
0,[[0.00296441]],[[0.23023778]]
0,[[0.00356874]],[[0.2936324]]
0,[[0.0018872]],[[0.23023778]]
0,[[0.00243038]],[[0.2936324]]
1,[[0.7117284]],[[0.52638304]]
0,[[0.723]],[[0.27251405]]
0,[[0.6869406]],[[0.33409792]]
1,[[0.9956006]],[[0.23024988]]
1,[[0.51935536]],[[0.72823215]]
0,[[0.00193739]],[[0.23023778]]
1,[[0.88786566]],[[0.83302295]]
0,[[0.00198612]],[[0.23023778]]
0,[[0.28827947]],[[0.23023778]]
0,[[0.0018872]],[[0.23023778]]
0,[[0.00582814]],[[0.50801706]]
1,[[0.23300833]],[[0.2936324]]
1,[[0.29460555]],[[0.46160227]]
0,[[0.0018872]],[[0.27256128]]
1,[[0.6628234]],[[0.92875636]]
0,[[0.08536658]],[[0.2936324]]
1,[[0.39070687]],[[0.5768877]]
0,[[0.00921902]],[[0.29363313]]
0,[[0.03272811]],[[0.1819377]]
0,[[0.00647956]],[[0.2936324]]
1,[[0.981597]],[[0.3544066]]
1,[[0.9915272]],[[0.8347334]]
0,[[0.01419038]],[[0.42376062]]
1,[[0.9308394]],[[0.68717146]]
0,[[0.0018872]],[[0.11986282]]
0,[[0.40243945]],[[0.2936324]]
0,[[0.22646666]],[[0.49929294]]
1,[[0.23641983]],[[0.23023778]]
1,[[0.6890975]],[[0.6849666]]
0,[[0.0018872]],[[0.27251405]]
1,[[0.9824902]],[[0.48883846]]
1,[[0.9951962]],[[0.9464662]]
0,[[0.0018872]],[[0.5661704]]
1,[[0.50142926]],[[0.62546206]]
1,[[0.9928888]],[[0.2718891]]
0,[[0.00209966]],[[0.2936324]]
1,[[0.2808116]],[[0.2936324]]
1,[[0.5665736]],[[0.47647506]]
1,[[0.752982]],[[0.3313255]]
1,[[0.9912995]],[[0.23023778]]
0,[[0.00331467]],[[0.557558]]
0,[[0.4504295]],[[0.6262374]]
0,[[0.00377822]],[[0.23023778]]
0,[[0.05288658]],[[0.42376062]]
0,[[0.28582937]],[[0.6711704]]
1,[[0.5436546]],[[0.23023778]]
1,[[0.3232926]],[[0.6478438]]
1,[[0.80388147]],[[0.23023778]]
1,[[0.9876119]],[[0.3313255]]
0,[[0.0018872]],[[0.23023778]]
0,[[0.15492424]],[[0.23000726]]
1,[[0.98062193]],[[0.83980024]]
0,[[0.24219027]],[[0.2936324]]
0,[[0.00200674]],[[0.29363158]]
0,[[0.3624068]],[[0.8924279]]
0,[[0.00306121]],[[0.2936324]]
1,[[0.88483894]],[[0.2936324]]
1,[[0.00814044]],[[0.60925937]]
0,[[0.2044886]],[[0.2936324]]
1,[[0.7427635]],[[0.2936324]]
0,[[0.39829174]],[[0.2936324]]
1,[[0.08090502]],[[0.7532822]]
1,[[0.93784463]],[[0.5606548]]
1,[[0.42466322]],[[0.5768877]]
0,[[0.0018872]],[[0.52638304]]
0,[[0.00193739]],[[0.23023778]]
1,[[0.9858753]],[[0.90921193]]
0,[[0.00209495]],[[0.23023778]]
1,[[0.8038862]],[[0.23023778]]
0,[[0.992741]],[[0.2936324]]
0,[[0.5649677]],[[0.23023778]]
0,[[0.0018872]],[[0.27251405]]
0,[[0.00346839]],[[0.23023778]]
0,[[0.9401474]],[[0.2936324]]
1,[[0.54874825]],[[0.5472306]]
1,[[0.49955803]],[[0.5927004]]
1,[[0.96735597]],[[0.87111264]]
1,[[0.6076591]],[[0.2936324]]
0,[[0.00189346]],[[0.2936324]]
0,[[0.38525334]],[[0.29363382]]
1,[[0.981143]],[[0.9637002]]
1,[[0.01864764]],[[0.2936324]]
1,[[0.94057703]],[[0.9374491]]
0,[[0.0018872]],[[0.2936324]]
0,[[0.0018872]],[[0.76464176]]
0,[[0.0018872]],[[0.2936324]]
1,[[0.13359553]],[[0.5309177]]
1,[[0.82759285]],[[0.8641732]]
0,[[0.0018872]],[[0.2936324]]
1,[[0.9883702]],[[0.69210315]]
0,[[0.19807142]],[[0.2530036]]
1,[[0.97404444]],[[0.7763728]]
0,[[0.02792376]],[[0.2936324]]
1,[[0.98932076]],[[0.2936324]]
0,[[0.07781014]],[[0.2936324]]
0,[[0.00373676]],[[0.23023778]]
0,[[0.28396016]],[[0.2936324]]
1,[[0.98690593]],[[0.2936324]]
1,[[0.46119487]],[[0.57262707]]
1,[[0.95757866]],[[0.55157894]]
1,[[0.82796645]],[[0.55154663]]
0,[[0.17244652]],[[0.27251405]]
1,[[0.86180747]],[[0.9595512]]
1,[[0.99474454]],[[0.89343363]]
0,[[0.00287771]],[[0.42367128]]
1,[[0.9883759]],[[0.85886717]]
0,[[0.03837502]],[[0.6839246]]
0,[[0.04765207]],[[0.23023778]]
0,[[0.00210088]],[[0.2936324]]
1,[[0.88866735]],[[0.84936166]]
0,[[0.01168799]],[[0.674146]]
0,[[0.00228894]],[[0.27251264]]
0,[[0.00330797]],[[0.57262707]]
1,[[0.62333393]],[[0.2936324]]
1,[[0.57261]],[[0.5136908]]
0,[[0.01501152]],[[0.6074026]]
1,[[0.99055517]],[[0.2936324]]
1,[[0.9854796]],[[0.23023778]]
0,[[0.31639898]],[[0.72785145]]
0,[[0.00631899]],[[0.60747087]]
0,[[0.00406298]],[[0.5624867]]
0,[[0.0018872]],[[0.27251405]]
0,[[0.871161]],[[0.7922175]]
0,[[0.00193739]],[[0.2936324]]
0,[[0.15037414]],[[0.2936324]]
0,[[0.00209725]],[[0.2936324]]
0,[[0.8885611]],[[0.73883194]]
0,[[0.0018872]],[[0.23023778]]
1,[[0.9086206]],[[0.74919695]]
0,[[0.0018872]],[[0.42376062]]
0,[[0.10001412]],[[0.26680478]]
0,[[0.46538]],[[0.23023778]]
0,[[0.00330219]],[[0.27251405]]
0,[[0.5359894]],[[0.6466155]]
1,[[0.26810694]],[[0.48883846]]
1,[[0.639465]],[[0.4768908]]
1,[[0.48160896]],[[0.2936324]]
1,[[0.8073981]],[[0.5902981]]
0,[[0.25058037]],[[0.55154663]]
0,[[0.0112775]],[[0.42376062]]
1,[[0.7755952]],[[0.65467167]]
1,[[0.8961568]],[[0.9328184]]
0,[[0.0027391]],[[0.23023778]]
0,[[0.0027307]],[[0.23023778]]
1,[[0.42874426]],[[0.8371526]]
1,[[0.6728245]],[[0.2936324]]
1,[[0.00650686]],[[0.37478673]]
0,[[0.4632969]],[[0.7341213]]
1,[[0.98549116]],[[0.63412666]]
0,[[0.00275677]],[[0.2936324]]
0,[[0.13004827]],[[0.22773534]]
1,[[0.9829128]],[[0.71720856]]
1,[[0.67314595]],[[0.55755985]]
1,[[0.47040853]],[[0.8588698]]
0,[[0.00385812]],[[0.2936324]]
0,[[0.09646714]],[[0.2936324]]
0,[[0.00357157]],[[0.2936324]]
0,[[0.41682464]],[[0.58114606]]
0,[[0.06681156]],[[0.3313255]]
0,[[0.00210345]],[[0.2936324]]
0,[[0.02711779]],[[0.7826283]]
1,[[0.987681]],[[0.66404533]]
1,[[0.10259065]],[[0.627497]]
0,[[0.00185847]],[[0.30976346]]
0,[[0.31541136]],[[0.94722956]]
0,[[0.01123589]],[[0.6688583]]
0,[[0.42490184]],[[0.47647506]]
0,[[0.18750843]],[[0.6866237]]
1,[[0.98952335]],[[0.82342935]]
0,[[0.00233045]],[[0.27251405]]
1,[[0.58437526]],[[0.63006437]]
1,[[0.02559969]],[[0.57262707]]
0,[[0.00361657]],[[0.2936324]]
0,[[0.6471052]],[[0.47647506]]
0,[[0.01126078]],[[0.2936324]]
1,[[0.5524321]],[[0.3313255]]
0,[[0.45227334]],[[0.9429538]]
1,[[0.68251336]],[[0.5688352]]
0,[[0.06042665]],[[0.63412666]]
1,[[0.8329267]],[[0.5515525]]
0,[[0.48230296]],[[0.23023778]]
1,[[0.63439584]],[[0.23023778]]
0,[[0.00215811]],[[0.2936324]]
1,[[0.8994566]],[[0.90915877]]
1,[[0.5045861]],[[0.23023778]]
0,[[0.00756404]],[[0.2936324]]
1,[[0.96690965]],[[0.47647506]]
0,[[0.00193739]],[[0.16755876]]
0,[[0.00236735]],[[0.20107299]]
1,[[0.66444707]],[[0.2936324]]
0,[[0.0018872]],[[0.20107299]]
1,[[0.5959174]],[[0.5092956]]
0,[[0.00191632]],[[0.23023778]]
1,[[0.6599283]],[[0.5768877]]
0,[[0.00192356]],[[0.23023778]]
1,[[0.8102605]],[[0.55383456]]
0,[[0.4350235]],[[0.57262707]]
0,[[0.0018872]],[[0.23023778]]
0,[[0.0042626]],[[0.6142546]]
1,[[0.90413666]],[[0.932101]]
0,[[0.4991297]],[[0.42376062]]
0,[[0.00325477]],[[0.7838809]]
0,[[0.9119321]],[[0.30976346]]
1,[[0.4995008]],[[0.2530036]]
1,[[0.7466211]],[[0.2936324]]
0,[[0.05724889]],[[0.2936324]]
0,[[0.07360044]],[[0.2936324]]
1,[[0.14227787]],[[0.7415568]]
0,[[0.082214]],[[0.2936324]]
0,[[0.00844079]],[[0.34154892]]
0,[[0.00517255]],[[0.2936324]]
0,[[0.00210345]],[[0.23023778]]
1,[[0.00249493]],[[0.22773534]]
1,[[0.9675667]],[[0.7558575]]
0,[[0.0018872]],[[0.5726838]]
1,[[0.99333715]],[[0.23550087]]
0,[[0.00186577]],[[0.27251405]]
1,[[0.9746456]],[[0.23027891]]
1,[[0.78186905]],[[0.2936324]]
0,[[0.00188738]],[[0.23023778]]
0,[[0.03706643]],[[0.23023778]]
0,[[0.01148489]],[[0.2936324]]
0,[[0.03088021]],[[0.2936324]]
1,[[0.98328364]],[[0.53574026]]
1,[[0.15453732]],[[0.2936324]]
1,[[0.99195904]],[[0.9155935]]
0,[[0.00340444]],[[0.23023778]]
1,[[0.26183778]],[[0.2936324]]
0,[[0.86825085]],[[0.8379179]]
0,[[0.13658068]],[[0.2981544]]
1,[[0.81062084]],[[0.81142974]]
0,[[0.0024907]],[[0.42376062]]
1,[[0.9622202]],[[0.2936324]]
1,[[0.20930034]],[[0.47647506]]
1,[[0.4716499]],[[0.92133605]]
1,[[0.5051938]],[[0.23023793]]
0,[[0.11431727]],[[0.5610286]]
0,[[0.68269897]],[[0.2936324]]
1,[[0.4031483]],[[0.5247055]]
1,[[0.44412422]],[[0.3545784]]
1,[[0.42713374]],[[0.88825727]]
0,[[0.0018872]],[[0.23023778]]
0,[[0.21153653]],[[0.44825712]]
0,[[0.43365362]],[[0.27251405]]
1,[[0.45198447]],[[0.9170511]]
1,[[0.4986777]],[[0.48850465]]
0,[[0.0018872]],[[0.29515415]]
0,[[0.00584933]],[[0.36861634]]
0,[[0.00903201]],[[0.23023778]]
0,[[0.8883238]],[[0.42376062]]
0,[[0.00188726]],[[0.23023778]]
0,[[0.0018872]],[[0.23023778]]
0,[[0.00533897]],[[0.23023778]]
1,[[0.5642226]],[[0.2936324]]
0,[[0.24275962]],[[0.5876103]]
0,[[0.00889602]],[[0.23023778]]
0,[[0.00222403]],[[0.23023778]]
1,[[0.74775225]],[[0.89351374]]
0,[[0.16796288]],[[0.23023778]]
0,[[0.4615874]],[[0.23023778]]
1,[[0.9834235]],[[0.8277643]]
0,[[0.0018872]],[[0.0770281]]
0,[[0.0018872]],[[0.23023778]]
0,[[0.01991612]],[[0.27251405]]
1,[[0.145176]],[[0.8223119]]
0,[[0.00188175]],[[0.2936324]]
0,[[0.00193959]],[[0.2936324]]
0,[[0.00434533]],[[0.2936324]]
1,[[0.42577666]],[[0.6687722]]
0,[[0.0031901]],[[0.2530036]]
1,[[0.7974286]],[[0.2936324]]
0,[[0.00193739]],[[0.2936324]]
0,[[0.00185874]],[[0.16755876]]
0,[[0.00188389]],[[0.16755876]]
0,[[0.14094082]],[[0.23023778]]
0,[[0.76511073]],[[0.5211526]]
0,[[0.03976142]],[[0.2936295]]
0,[[0.08499902]],[[0.47647506]]
0,[[0.9333646]],[[0.43605024]]
0,[[0.35463315]],[[0.86588794]]
0,[[0.48640564]],[[0.2936324]]
1,[[0.9557858]],[[0.53504366]]
0,[[0.69567716]],[[0.7646433]]
1,[[0.9158628]],[[0.2936324]]
0,[[0.0028308]],[[0.23023778]]
1,[[0.2521454]],[[0.2936324]]
0,[[0.01964775]],[[0.23023778]]
0,[[0.39829051]],[[0.81030905]]
1,[[0.7607461]],[[0.66763246]]
0,[[0.00188756]],[[0.2936324]]
0,[[0.00198063]],[[0.12839165]]
1,[[0.41684976]],[[0.80411494]]
1,[[0.5240227]],[[0.4860925]]
0,[[0.00938487]],[[0.23023778]]
1,[[0.9939158]],[[0.55383456]]
1,[[0.7413882]],[[0.81252]]
1,[[0.9371251]],[[0.42376062]]
0,[[0.52879953]],[[0.3313255]]
1,[[0.99368715]],[[0.53715104]]
1,[[0.93136454]],[[0.6163223]]
0,[[0.05681249]],[[0.48883846]]
1,[[0.78431994]],[[0.63208824]]
0,[[0.19428045]],[[0.6109782]]
0,[[0.0018872]],[[0.2936324]]
0,[[0.06816694]],[[0.23209274]]
0,[[0.42171302]],[[0.2936324]]
1,[[0.9939062]],[[0.948171]]
0,[[0.02069947]],[[0.8085147]]
0,[[0.0114297]],[[0.2936324]]
0,[[0.00543863]],[[0.5646678]]
0,[[0.00187454]],[[0.23023778]]
0,[[0.00188774]],[[0.2936324]]
0,[[0.7841865]],[[0.6035106]]
0,[[0.00188455]],[[0.2936324]]
1,[[0.9724613]],[[0.23023778]]
0,[[0.00193664]],[[0.2936324]]
0,[[0.02839336]],[[0.4656422]]
0,[[0.0018872]],[[0.1346305]]
0,[[0.290195]],[[0.27251405]]
0,[[0.49589986]],[[0.29363233]]
1,[[0.87687325]],[[0.6914371]]
0,[[0.00320041]],[[0.5136909]]
1,[[0.99513555]],[[0.81142974]]
0,[[0.13789275]],[[0.27251405]]
0,[[0.00245494]],[[0.1484792]]
0,[[0.04512495]],[[0.23023778]]
1,[[0.74876237]],[[0.62960666]]
0,[[0.00491229]],[[0.23023778]]
1,[[0.97892904]],[[0.8791358]]
1,[[0.65938294]],[[0.7486037]]
1,[[0.47010005]],[[0.5136908]]
1,[[0.7133511]],[[0.2936324]]
0,[[0.0713222]],[[0.23023778]]
0,[[0.00312456]],[[0.16755876]]
0,[[0.0023877]],[[0.1819377]]
0,[[0.03308287]],[[0.52638304]]
1,[[0.5412022]],[[0.29372048]]
0,[[0.327381]],[[0.29363358]]
0,[[0.00237173]],[[0.19243318]]
1,[[0.05328444]],[[0.6174552]]
0,[[0.7499026]],[[0.3313255]]
0,[[0.16994339]],[[0.6849666]]
1,[[0.25775242]],[[0.23023778]]
0,[[0.00574192]],[[0.31997806]]
0,[[0.00588474]],[[0.2936324]]
0,[[0.0018872]],[[0.27251405]]
0,[[0.47426465]],[[0.23023778]]
1,[[0.7741823]],[[0.23023778]]
0,[[0.0018872]],[[0.2936324]]
0,[[0.00207284]],[[0.2936324]]
0,[[0.21200538]],[[0.42376062]]
1,[[0.74365336]],[[0.23023778]]
1,[[0.9949436]],[[0.2936324]]
1,[[0.5171249]],[[0.9706362]]
0,[[0.00193733]],[[0.23023778]]
0,[[0.41430423]],[[0.23023778]]
1,[[0.38665175]],[[0.6688583]]
0,[[0.00188714]],[[0.23023778]]
0,[[0.00188813]],[[0.2936324]]
1,[[0.2890156]],[[0.7112012]]
1,[[0.10782412]],[[0.29363307]]
0,[[0.3963099]],[[0.23023778]]
1,[[0.35084832]],[[0.7665099]]
1,[[0.68653136]],[[0.74346817]]
0,[[0.00392973]],[[0.27251405]]
0,[[0.40186697]],[[0.44825712]]
1,[[0.993564]],[[0.2936324]]
0,[[0.08159807]],[[0.68158895]]
1,[[0.83559513]],[[0.29791072]]
1,[[0.3663798]],[[0.30637223]]
0,[[0.0018872]],[[0.23023778]]
1,[[0.61284024]],[[0.8405243]]
1,[[0.9943085]],[[0.9492749]]
0,[[0.00262472]],[[0.27251405]]
1,[[0.49182343]],[[0.92308843]]
0,[[0.78444386]],[[0.42376062]]
0,[[0.00213796]],[[0.23023778]]
0,[[0.0018872]],[[0.23023778]]
0,[[0.00189653]],[[0.23023778]]
0,[[0.00193721]],[[0.36861634]]
0,[[0.02728376]],[[0.67452604]]
0,[[0.47478527]],[[0.47647515]]
1,[[0.86513436]],[[0.6850587]]
0,[[0.07224816]],[[0.2936324]]
1,[[0.9743981]],[[0.92850614]]
1,[[0.5609252]],[[0.9277276]]
1,[[0.98815286]],[[0.4793483]]
0,[[0.9753572]],[[0.23209274]]
1,[[0.86515737]],[[0.8461864]]
0,[[0.01503354]],[[0.58022803]]
1,[[0.9856484]],[[0.8958026]]
0,[[0.0018872]],[[0.23023778]]
0,[[0.5944854]],[[0.6462511]]
0,[[0.21212727]],[[0.2936324]]
0,[[0.00244343]],[[0.23023778]]
1,[[0.9445286]],[[0.44825712]]
1,[[0.44393843]],[[0.8109982]]
1,[[0.7041908]],[[0.81055725]]
0,[[0.00318837]],[[0.4161616]]
0,[[0.27813187]],[[0.61468226]]
1,[[0.9938953]],[[0.9046757]]
0,[[0.00193155]],[[0.52405065]]
1,[[0.8848934]],[[0.8266914]]
0,[[0.3963036]],[[0.6897458]]
0,[[0.08392692]],[[0.8602365]]
1,[[0.65091753]],[[0.6456721]]
1,[[0.22664145]],[[0.47647506]]
1,[[0.9331408]],[[0.57689905]]
1,[[0.5115845]],[[0.2936324]]
0,[[0.00188929]],[[0.23023778]]
0,[[0.56615824]],[[0.42376062]]
1,[[0.93072724]],[[0.9071121]]
0,[[0.01500446]],[[0.23023781]]
0,[[0.0019595]],[[0.23023778]]
0,[[0.94305575]],[[0.48883846]]
0,[[0.00193122]],[[0.27251405]]
0,[[0.00327373]],[[0.23023778]]
1,[[0.6748241]],[[0.47647887]]
0,[[0.00646427]],[[0.47647506]]
0,[[0.01704001]],[[0.18062341]]
0,[[0.00549337]],[[0.23023778]]
0,[[0.00357226]],[[0.23023778]]
0,[[0.34533766]],[[0.2936324]]
1,[[0.96330523]],[[0.55383456]]
1,[[0.84666353]],[[0.5061114]]
1,[[0.92575204]],[[0.23023778]]
1,[[0.8628737]],[[0.6478734]]
1,[[0.4137827]],[[0.2936324]]
0,[[0.00393289]],[[0.23023778]]
0,[[0.4573478]],[[0.5136908]]
0,[[0.0018872]],[[0.09153691]]
1,[[0.5592036]],[[0.23023778]]
1,[[0.96920776]],[[0.81151366]]
0,[[0.8219446]],[[0.23023778]]
0,[[0.18334234]],[[0.2936324]]
1,[[0.96522415]],[[0.2936324]]
0,[[0.00188655]],[[0.42376062]]
0,[[0.9527922]],[[0.27251405]]
1,[[0.84046125]],[[0.66142166]]
0,[[0.00467524]],[[0.23023778]]
0,[[0.9692432]],[[0.2936324]]
0,[[0.5689261]],[[0.5136908]]
0,[[0.08501041]],[[0.23023778]]
1,[[0.48251727]],[[0.5136908]]
1,[[0.60341495]],[[0.52638304]]
1,[[0.85233474]],[[0.42376062]]
0,[[0.02129692]],[[0.2530036]]
0,[[0.4125052]],[[0.2936324]]
0,[[0.0018872]],[[0.08988142]]
1,[[0.75130606]],[[0.57262707]]
1,[[0.9953488]],[[0.2936324]]
1,[[0.99064416]],[[0.55356216]]
1,[[0.9181444]],[[0.9245029]]
1,[[0.72407216]],[[0.94955313]]
0,[[0.0018872]],[[0.23023778]]
0,[[0.80758965]],[[0.23023778]]
1,[[0.98455334]],[[0.93142664]]
1,[[0.89711773]],[[0.5507729]]
1,[[0.9743935]],[[0.23024419]]
0,[[0.5454452]],[[0.23024884]]
0,[[0.00187454]],[[0.25138646]]
0,[[0.00425449]],[[0.53071845]]
1,[[0.06381547]],[[0.2936324]]
1,[[0.80755687]],[[0.55383456]]
1,[[0.5267377]],[[0.5263832]]
0,[[0.40640116]],[[0.66378367]]
0,[[0.36449814]],[[0.2936324]]
1,[[0.3715721]],[[0.23023778]]
0,[[0.12749767]],[[0.23023778]]
0,[[0.08440843]],[[0.2928272]]
1,[[0.75184387]],[[0.9181187]]
1,[[0.5136753]],[[0.2936324]]
1,[[0.49762556]],[[0.23023778]]
0,[[0.00384197]],[[0.2936324]]
0,[[0.01076347]],[[0.42376062]]
1,[[0.99198884]],[[0.90457153]]
1,[[0.75235564]],[[0.2936324]]
0,[[0.00209567]],[[0.2936324]]
0,[[0.0095109]],[[0.16755876]]
0,[[0.40834844]],[[0.7787787]]
1,[[0.8077856]],[[0.5776796]]
1,[[0.5054045]],[[0.2936324]]
1,[[0.00442773]],[[0.428618]]
1,[[0.10394621]],[[0.23023778]]
1,[[0.55437624]],[[0.47640896]]
0,[[0.00871426]],[[0.27251405]]
0,[[0.03247488]],[[0.46160227]]
1,[[0.97731733]],[[0.8324653]]
1,[[0.7185868]],[[0.2936324]]
0,[[0.0020653]],[[0.23023778]]
0,[[0.0018872]],[[0.23023778]]
0,[[0.00380576]],[[0.23023778]]
0,[[0.0018872]],[[0.27251405]]
0,[[0.08911338]],[[0.2936324]]
0,[[0.0018872]],[[0.23023778]]
1,[[0.02842668]],[[0.7132575]]
1,[[0.5586531]],[[0.5538347]]
0,[[0.00403547]],[[0.2936324]]
0,[[0.02044165]],[[0.49022263]]
1,[[0.9577576]],[[0.86586773]]
1,[[0.9413382]],[[0.6640452]]
0,[[0.00193647]],[[0.2936324]]
0,[[0.23888332]],[[0.23023778]]
0,[[0.04208228]],[[0.91061753]]
0,[[0.00294024]],[[0.5136908]]
0,[[0.39224505]],[[0.69339025]]
1,[[0.00671175]],[[0.2936324]]
0,[[0.0018872]],[[0.23023778]]
1,[[0.45582286]],[[0.29262322]]
0,[[0.98488796]],[[0.5241296]]
0,[[0.01199037]],[[0.18937409]]
0,[[0.0063557]],[[0.8272126]]
0,[[0.00193733]],[[0.23023778]]
1,[[0.9163873]],[[0.64891773]]
0,[[0.00349972]],[[0.2936324]]
1,[[0.9106631]],[[0.646949]]
0,[[0.0018872]],[[0.16929087]]
0,[[0.01162782]],[[0.23023778]]
0,[[0.06757626]],[[0.7993332]]
1,[[0.88081574]],[[0.44825712]]
1,[[0.43980935]],[[0.6015762]]
0,[[0.07643643]],[[0.2936324]]
1,[[0.37866333]],[[0.6055478]]
1,[[0.4983111]],[[0.44825712]]
1,[[0.73793507]],[[0.96563905]]
0,[[0.33791307]],[[0.61420465]]
0,[[0.19337308]],[[0.2936324]]
0,[[0.0018872]],[[0.20153594]]
0,[[0.13603374]],[[0.23023778]]
1,[[0.7839236]],[[0.68717146]]
1,[[0.97490716]],[[0.77155614]]
0,[[0.00191638]],[[0.23023778]]
0,[[0.00482717]],[[0.23023778]]
0,[[0.04882067]],[[0.2936324]]
0,[[0.64037937]],[[0.48883846]]
1,[[0.33375394]],[[0.37478673]]
1,[[0.9107927]],[[0.2936324]]
1,[[0.9924804]],[[0.86635846]]
0,[[0.4983111]],[[0.2936324]]
0,[[0.00795013]],[[0.764642]]
0,[[0.65955985]],[[0.2936324]]
1,[[0.92180395]],[[0.6109782]]
1,[[0.96354914]],[[0.8446392]]
1,[[0.00388488]],[[0.47647506]]
1,[[0.58099663]],[[0.5768733]]
0,[[0.01275527]],[[0.7734164]]
0,[[0.02288702]],[[0.23023778]]
0,[[0.0018872]],[[0.23023778]]
0,[[0.6123167]],[[0.691805]]
0,[[0.6375733]],[[0.2936324]]
0,[[0.00184622]],[[0.23023778]]
1,[[0.97068393]],[[0.23023778]]
1,[[0.94319177]],[[0.83244586]]
0,[[0.4147563]],[[0.5801734]]
1,[[0.3935609]],[[0.85845554]]
0,[[0.00192171]],[[0.22669685]]
0,[[0.00215039]],[[0.2936324]]
0,[[0.06431371]],[[0.2936324]]
1,[[0.5649806]],[[0.47647506]]
0,[[0.46661443]],[[0.74750936]]
0,[[0.34344938]],[[0.23023969]]
0,[[0.0018872]],[[0.23023778]]
0,[[0.3028072]],[[0.2936324]]
1,[[0.6991318]],[[0.87111264]]
1,[[0.6808353]],[[0.8631903]]
0,[[0.00193739]],[[0.2936324]]
1,[[0.57752407]],[[0.73883194]]
1,[[0.12185553]],[[0.2936324]]
1,[[0.94280136]],[[0.31912747]]
0,[[0.15267962]],[[0.3313255]]
0,[[0.0479618]],[[0.5768877]]
0,[[0.08268836]],[[0.2936324]]
0,[[0.002352]],[[0.23209274]]
0,[[0.4993451]],[[0.62960666]]
1,[[0.6835005]],[[0.5357404]]
0,[[0.00469971]],[[0.5768247]]
1,[[0.45657524]],[[0.81142974]]
0,[[0.27384835]],[[0.23023778]]
0,[[0.00560102]],[[0.45268464]]
1,[[0.6456024]],[[0.8729614]]
1,[[0.3167628]],[[0.35410762]]
0,[[0.00264713]],[[0.23023778]]
0,[[0.73121166]],[[0.7341213]]
1,[[0.7320387]],[[0.69503516]]
0,[[0.00348634]],[[0.3313255]]
1,[[0.6703764]],[[0.5566039]]
1,[[0.00620845]],[[0.55755985]]
0,[[0.0018872]],[[0.2936324]]
1,[[0.00249398]],[[0.4618443]]
1,[[0.9575989]],[[0.7079876]]
1,[[0.9930006]],[[0.23023778]]
0,[[0.00187454]],[[0.23023778]]
1,[[0.45587072]],[[0.47678366]]
1,[[0.89932585]],[[0.4764776]]
0,[[0.16372165]],[[0.7389076]]
0,[[0.0018872]],[[0.23023778]]
1,[[0.671973]],[[0.49583358]]
1,[[0.4943649]],[[0.27251405]]
0,[[0.0162257]],[[0.23023778]]
1,[[0.69787467]],[[0.296142]]
0,[[0.0018872]],[[0.12038884]]
1,[[0.12942338]],[[0.47647506]]
0,[[0.0021393]],[[0.24663183]]
0,[[0.01236647]],[[0.2936324]]
1,[[0.9773192]],[[0.52638304]]
1,[[0.11627433]],[[0.6711704]]
1,[[0.35420573]],[[0.65003735]]
0,[[0.00185847]],[[0.23023778]]
1,[[0.6790806]],[[0.90744936]]
0,[[0.00193122]],[[0.23209274]]
1,[[0.07661548]],[[0.15977237]]
1,[[0.9656628]],[[0.83991575]]
1,[[0.00684661]],[[0.4556992]]
0,[[0.00185847]],[[0.23023778]]
0,[[0.9621005]],[[0.646949]]
0,[[0.00212243]],[[0.29363346]]
0,[[0.44723335]],[[0.672597]]
0,[[0.00515905]],[[0.23023778]]
0,[[0.44647908]],[[0.5768877]]
1,[[0.7295972]],[[0.26162714]]
1,[[0.5361072]],[[0.47484124]]
1,[[0.08126694]],[[0.23023778]]
0,[[0.7850185]],[[0.2936324]]
0,[[0.00193739]],[[0.81698966]]
0,[[0.07200208]],[[0.2936324]]
1,[[0.986766]],[[0.27251405]]
0,[[0.73439753]],[[0.2936324]]
0,[[0.00217888]],[[0.2936324]]
1,[[0.9725425]],[[0.61777335]]
0,[[0.2654543]],[[0.2936369]]
0,[[0.16373703]],[[0.23023778]]
0,[[0.48314965]],[[0.42376062]]
0,[[0.04190797]],[[0.27251405]]
0,[[0.00186291]],[[0.23023778]]
0,[[0.42539892]],[[0.47647506]]
0,[[0.0018872]],[[0.11918581]]
0,[[0.0018872]],[[0.2936324]]
0,[[0.5526984]],[[0.5692135]]
0,[[0.00255123]],[[0.23023778]]
0,[[0.1197609]],[[0.2936324]]
0,[[0.00193739]],[[0.23023778]]
0,[[0.47261915]],[[0.55383456]]
1,[[0.9914074]],[[0.7923225]]
0,[[0.04006061]],[[0.27251405]]
0,[[0.13066158]],[[0.73883194]]
0,[[0.0021193]],[[0.23023778]]
0,[[0.11033803]],[[0.27251405]]
0,[[0.00270614]],[[0.23023778]]
0,[[0.09136987]],[[0.2936324]]
0,[[0.4850378]],[[0.27251405]]
1,[[0.48640636]],[[0.47647506]]
